Title,Year,Rating,Votes,Stars
Game of Thrones,2011–2019,9.2,2140341,"['Peter Dinklage', 'Kit Harington', 'Lena Headey']"
Breaking Bad,2008–2013,9.5,1944497,"['Aaron Paul', 'Anna Gunn', 'Betsy Brandt']"
Stranger Things,2016–2024,8.7,1224826,"['Finn Wolfhard', 'Winona Ryder', 'David Harbour']"
The Walking Dead,2010–2022,8.1,1016107,"['Norman Reedus', 'Melissa McBride', 'Lauren Cohan']"
Friends,1994–2004,8.9,1015472,"['Courteney Cox', 'Lisa Kudrow', 'Matt LeBlanc']"
Sherlock,2010–2017,9.1,941978,"['Martin Freeman', 'Una Stubbs', 'Rupert Graves']"
The Big Bang Theory,2007–2019,8.2,822159,"['Jim Parsons', 'Kaley Cuoco', 'Simon Helberg']"
Dexter,2006–2013,8.7,734175,"['Jennifer Carpenter', 'David Zayas', 'James Remar']"
How I Met Your Mother,2005–2014,8.3,695037,"['Jason Segel', 'Cobie Smulders', 'Neil Patrick Harris']"
The Office,2005–2013,9,626113,"['Jenna Fischer', 'John Krasinski', 'Rainn Wilson']"
True Detective,2014–2019,8.9,585608,"['Colin Farrell', 'Rachel McAdams', 'Taylor Kitsch']"
Peaky Blinders,2013–2022,8.8,570414,"['Paul Anderson', 'Sophie Rundle', 'Helen McCrory']"
Black Mirror,2011–2019,8.8,562622,"['Hannah John-Kamen', 'Michaela Coel', 'Beatrice Robertson-Jones']"
Lost,2004–2010,8.3,562618,"['Josh Holloway', 'Yunjin Kim', 'Evangeline Lilly']"
Better Call Saul,2015–2022,8.9,557984,"['Rhea Seehorn', 'Jonathan Banks', 'Patrick Fabian']"
Prison Break,2005–2017,8.3,546388,"['Wentworth Miller', 'Amaury Nolasco', 'Robert Knepper']"
Vikings,2013–2020,8.5,545566,"['Gustaf Skarsgård', 'Alexander Ludwig', 'Georgia Hirst']"
Rick and Morty,2013– ,9.1,542693,"['Chris Parnell', 'Spencer Grammer', 'Sarah Chalke']"
The Boys,2019– ,8.7,536736,"['Jack Quaid', 'Antony Starr', 'Erin Moriarty']"
The Mandalorian,2019– ,8.7,515212,"['Carl Weathers', 'Chris Bartlett', 'Leilani Shiu']"
Westworld,2016–2022,8.5,512512,"['Jeffrey Wright', 'Ed Harris', 'Thandiwe Newton']"
The Witcher,2019– ,8.1,511678,"['Freya Allan', 'Anya Chalotra', 'Mimi Ndiweni']"
House of Cards,2013–2018,8.7,510989,"['Michel Gill', 'Robin Wright', 'Kate Mara']"
Money Heist,2017–2021,8.2,489617,"['Álvaro Morte', 'Itziar Ituño', 'Pedro Alonso']"
House,2004–2012,8.7,473864,"['Omar Epps', 'Robert Sean Leonard', 'Jesse Spencer']"
Squid Game,2021– ,8,465672,"['Park Hae-soo', 'Hoyeon', 'Oh Yeong-su']"
Supernatural,2005–2020,8.4,454278,"['Jensen Ackles', 'Jim Beaver', 'Misha Collins']"
Daredevil,2015–2018,8.6,448845,"[""Vincent D'Onofrio"", 'Deborah Ann Woll', 'Elden Henson']"
Modern Family,2009–2020,8.5,442482,"['Sofía Vergara', 'Julie Bowen', 'Ty Burrell']"
Arrow,2012–2020,7.5,435610,"['Katie Cassidy', 'David Ramsey', 'Susanna Thompson']"
Narcos,2015–2017,8.8,434308,"['Wagner Moura', 'Boyd Holbrook', 'Alberto Ammann']"
Suits,2011–2019,8.5,419831,"['Patrick J. Adams', 'Meghan Markle', 'Sarah Rafferty']"
The Sopranos,1999–2007,9.2,414811,"['Lorraine Bracco', 'Edie Falco', 'Michael Imperioli']"
The Simpsons,1989– ,8.7,414184,"['Nancy Cartwright', 'Harry Shearer', 'Julie Kavner']"
Mr. Robot,2015–2019,8.5,394868,"['Christian Slater', 'Carly Chaikin', 'Martin Wallström']"
South Park,1997– ,8.7,380413,"['Matt Stone', 'Isaac Hayes', 'Mona Marshall']"
Fargo,2014– ,8.9,379943,"['Martin Freeman', 'Allison Tolman', 'Colin Hanks']"
The Flash,2014–2023,7.5,352523,"['Candice Patton', 'Danielle Panabaker', 'Carlos Valdes']"
The Wire,2002–2008,9.3,347850,"['Lance Reddick', 'Sonja Sohn', 'Wendell Pierce']"
Family Guy,1999– ,8.2,347402,"['Alex Borstein', 'Seth Green', 'Mila Kunis']"
Homeland,2011–2020,8.3,346897,"['Mandy Patinkin', 'Damian Lewis', 'Rupert Friend']"
Lucifer,2016–2021,8.1,332195,"['Lauren German', 'Kevin Alejandro', 'D.B. Woodside']"
Loki,2021– ,8.2,331716,"['Owen Wilson', 'Eugene Cordero', 'Ke Huy Quan']"
The Vampire Diaries,2009–2017,7.7,328291,"['Paul Wesley', 'Ian Somerhalder', 'Kat Graham']"
The Last of Us,2023– ,9,327976,"['Bella Ramsey', 'Anna Torv', 'Lamar Johnson']"
Seinfeld,1989–1998,8.9,327383,"['Julia Louis-Dreyfus', 'Michael Richards', 'Jason Alexander']"
Brooklyn Nine-Nine,2013–2021,8.4,326996,"['Stephanie Beatriz', 'Terry Crews', 'Melissa Fumero']"
Avatar: The Last Airbender,2005–2008,9.3,325524,"['Zach Tyler Eisen', 'Mae Whitman', 'Jack De Sena']"
American Horror Story,2011– ,8,324844,"['Kathy Bates', 'Angela Bassett', 'Sarah Paulson']"
The Lord of the Rings: The Rings of Power,2022– ,6.9,324693,"['Ismael Cruz Cordova', 'Charlie Vickers', 'Markella Kavenagh']"
Ozark,2017–2022,8.5,323385,"['Laura Linney', 'Sofia Hublitz', 'Skylar Gaertner']"
House of the Dragon,2022– ,8.5,318385,"['Graham McTavish', 'Eve Best', 'Steve Toussaint']"
Grey's Anatomy,2005– ,7.6,317181,"['Chandra Wilson', 'James Pickens Jr.', 'Justin Chambers']"
Arrested Development,2003–2019,8.7,310137,"['Michael Cera', 'Portia de Rossi', 'Will Arnett']"
Orange Is the New Black,2013–2019,8.1,307354,"['Danielle Brooks', 'Taryn Manning', 'Emma Myles']"
Sons of Anarchy,2008–2014,8.6,303822,"['Katey Sagal', 'Mark Boone Junior', 'Kim Coates']"
Mindhunter,2017–2019,8.6,299898,"['Holt McCallany', 'Anna Torv', 'Hannah Gross']"
13 Reasons Why,2017–2020,7.5,299264,"['Katherine Langford', 'Christian Navarro', 'Alisha Boe']"
Wednesday,2022– ,8.1,295990,"['Hunter Doohan', 'Percy Hynes White', 'Emma Myers']"
Sex Education,2019– ,8.3,293664,"['Gillian Anderson', 'Ncuti Gatwa', 'Emma Mackey']"
Community,2009–2015,8.5,272723,"['Danny Pudi', 'Donald Glover', 'Chevy Chase']"
Firefly,2002–2003,9,269662,"['Gina Torres', 'Alan Tudyk', 'Morena Baccarin']"
Two and a Half Men,2003–2015,7.1,268502,"['Ashton Kutcher', 'Angus T. Jones', 'Conchata Ferrell']"
You,2018– ,7.7,267926,"['Victoria Pedretti', 'Tati Gabrielle', 'Ambyr Childers']"
Parks and Recreation,2009–2015,8.6,266504,"[""Jim O'Heir"", 'Nick Offerman', 'Chris Pratt']"
Scrubs,2001–2010,8.4,260218,"['Donald Faison', 'Sarah Chalke', 'John C. McGinley']"
Hannibal,2013–2015,8.5,259772,"['Mads Mikkelsen', 'Caroline Dhavernas', 'Laurence Fishburne']"
The 100,2014–2020,7.6,258106,"['Bob Morley', 'Marie Avgeropoulos', 'Isaiah Washington']"
The Blacklist,2013–2023,8,256407,"['Megan Boone', 'Diego Klattenhoff', 'Ryan Eggold']"
The Umbrella Academy,2019–2023,7.9,255036,"['Tom Hopper', 'David Castañeda', 'Emmy Raver-Lampman']"
True Blood,2008–2014,7.9,249980,"['Stephen Moyer', 'Sam Trammell', 'Ryan Kwanten']"
Shameless,2011–2021,8.6,249829,"['William H. Macy', 'Ethan Cutkosky', 'Jeremy Allen White']"
Fringe,2008–2013,8.4,246880,"['Joshua Jackson', 'John Noble', 'Jasika Nicole']"
Spartacus,2010–2013,8.5,245986,"['Lucy Lawless', 'Manu Bennett', 'Daniel Feuerriegel']"
Heroes,II) (2006–2010,7.5,244573,"['Hayden Panettiere', 'Milo Ventimiglia', 'Masi Oka']"
The Handmaid's Tale,2017– ,8.4,244570,"['Yvonne Strahovski', 'Ann Dowd', 'O-T Fagbenle']"
Mad Men,2007–2015,8.7,244520,"['Elisabeth Moss', 'Vincent Kartheiser', 'January Jones']"
The Punisher,2017–2019,8.5,243765,"['Amber Rose Revah', 'Ben Barnes', 'Jason R. Moore']"
Futurama,1999–2023,8.5,243192,"['John DiMaggio', 'Katey Sagal', 'Tress MacNeille']"
Ted Lasso,2020– ,8.8,237173,"['Brett Goldstein', 'Brendan Hunt', 'Nick Mohammed']"
Gotham,2014–2019,7.8,233426,"['Jada Pinkett Smith', 'Donal Logue', 'Camren Bicondova']"
It's Always Sunny in Philadelphia,2005– ,8.8,231701,"['Rob McElhenney', 'Kaitlin Olson', 'Glenn Howerton']"
The X-Files,1993–2018,8.6,231591,"['Gillian Anderson', 'Mitch Pileggi', 'William B. Davis']"
New Girl,2011–2018,7.8,230603,"['Jake Johnson', 'Max Greenfield', 'Hannah Simone']"
Doctor Who,2005– ,8.6,229650,"['Peter Capaldi', 'Pearl Mackie', 'Matt Smith']"
Once Upon a Time,2011–2018,7.7,228024,"['Jennifer Morrison', 'Lana Parrilla', 'Robert Carlyle']"
The Crown,2016–2023,8.6,227355,"['Olivia Colman', 'Imelda Staunton', 'Matt Smith']"
Arcane,2021– ,9,220715,"['Kevin Alejandro', 'Jason Spisak', 'Terri Douglas']"
Agents of S.H.I.E.L.D.,2013–2020,7.5,219536,"['Ming-Na Wen', 'Brett Dalton', 'Iain De Caestecker']"
Jessica Jones,2015–2019,7.9,217901,"['Rachael Taylor', 'Eka Darville', 'Carrie-Anne Moss']"
Downton Abbey,2010–2015,8.7,211361,"['Phyllis Logan', 'Elizabeth McGovern', 'Brendan Coyle']"
Big Little Lies,2017–2019,8.5,206352,"['Nicole Kidman', 'Shailene Woodley', 'Zoë Kravitz']"
Criminal Minds,2005– ,8.1,205204,"['Matthew Gray Gubler', 'A.J. Cook', 'Joe Mantegna']"
Twin Peaks,1990–1991,8.8,202073,"['Michael Ontkean', 'Mädchen Amick', 'Dana Ashbrook']"
The End of the F***ing World,2017–2019,8,198934,"['Alex Lawther', 'Steve Oram', 'Christine Bottomley']"
Euphoria,2019– ,8.4,198323,"['Hunter Schafer', 'Angus Cloud', 'Jacob Elordi']"
Boardwalk Empire,2010–2014,8.6,193160,"['Kelly Macdonald', 'Michael Shannon', 'Shea Whigham']"
Cobra Kai,2018–2023,8.5,191296,"['William Zabka', 'Courtney Henggeler', 'Xolo Maridueña']"
24,2001–2010,8.4,189647,"['Mary Lynn Rajskub', 'Carlos Bernard', 'Dennis Haysbert']"
The Mentalist,2008–2015,8.1,189058,"['Robin Tunney', 'Tim Kang', 'Owain Yeoman']"
Californication,2007–2014,8.3,183506,"['Natascha McElhone', 'Evan Handler', 'Pamela Adlon']"
That '70s Show,1998–2006,8.1,181355,"['Laura Prepon', 'Mila Kunis', 'Danny Masterson']"
Person of Interest,2011–2016,8.5,179912,"['Taraji P. Henson', 'Kevin Chapman', 'Michael Emerson']"
Gossip Girl,2007–2012,7.5,179152,"['Leighton Meester', 'Penn Badgley', 'Ed Westwick']"
Altered Carbon,2018–2020,7.9,175507,"['Chris Conner', 'Dichen Lachman', 'Martha Higareda']"
"Love, Death & Robots",2019– ,8.4,175502,"['Scott Whyte', 'Nolan North', 'Noshir Dalal']"
Rome,2005–2007,8.7,175125,"['Ray Stevenson', 'Polly Walker', 'Kerry Condon']"
She-Hulk: Attorney at Law,2022,5.2,173634,"['Ginger Gonzaga', 'Malia Arrayah', 'Jameela Jamil']"
Entourage,2004–2011,8.5,171532,"['Adrian Grenier', 'Kevin Dillon', 'Jerry Ferrara']"
Pretty Little Liars,2010–2017,7.4,170698,"['Ashley Benson', 'Lucy Hale', 'Shay Mitchell']"
Battlestar Galactica,2004–2009,8.7,168628,"['Mary McDonnell', 'Jamie Bamber', 'James Callis']"
Yellowstone,2018–2023,8.7,168011,"['Luke Grimes', 'Kelly Reilly', 'Wes Bentley']"
Fleabag,2016–2019,8.7,167837,"['Sian Clifford', 'Olivia Colman', 'Jenny Rainsford']"
The Good Place,2016–2020,8.2,167835,"['William Jackson Harper', 'Jameela Jamil', ""D'Arcy Carden""]"
One Punch Man,2015–2019,8.7,166385,"['Kaito Ishikawa', 'Max Mittelman', 'Zach Aguilar']"
Castle,2009–2016,8.1,165685,"['Stana Katic', 'Susan Sullivan', 'Jon Huertas']"
BoJack Horseman,2014–2020,8.8,165155,"['Amy Sedaris', 'Alison Brie', 'Aaron Paul']"
Bones,2005–2017,7.8,164387,"['David Boreanaz', 'Michaela Conlin', 'T.J. Thyne']"
Outlander,2014– ,8.4,163640,"['Sam Heughan', 'Sophie Skelton', 'Richard Rankin']"
Succession,2018–2023,8.8,162681,"['Brian Cox', 'Kieran Culkin', 'Peter Friedman']"
The Book of Boba Fett,2021–2022,7.3,160959,"['Ming-Na Wen', 'Frank Trigg', 'Collin Hymes']"
The White Lotus,2021–2023,7.9,159357,"['Jon Gries', 'F. Murray Abraham', 'Adam DiMarco']"
The Expanse,2015–2022,8.5,158519,"['Dominique Tipper', 'Wes Chatham', 'Shohreh Aghdashloo']"
Archer,2009– ,8.6,157893,"['Judy Greer', 'Amber Nash', 'Chris Parnell']"
Sense8,2015–2018,8.2,156899,"['Jamie Clayton', 'Tina Desai', 'Tuppence Middleton']"
The IT Crowd,2006–2013,8.5,156031,"['Richard Ayoade', 'Katherine Parkinson', 'Matt Berry']"
How to Get Away with Murder,2014–2020,8.1,155813,"['Billy Brown', 'Jack Falahee', 'Aja Naomi King']"
Silicon Valley,2014–2019,8.5,154389,"['T.J. Miller', 'Josh Brener', 'Martin Starr']"
Teen Wolf,2011–2017,7.7,154167,"['Holland Roden', ""Dylan O'Brien"", 'Linden Ashby']"
The Sandman,2022– ,7.7,153585,"['Boyd Holbrook', 'Patton Oswalt', 'Vivienne Acheampong']"
NCIS,2003– ,7.8,152061,"['Sean Murray', 'Mark Harmon', 'Pauley Perrette']"
Glee,2009–2015,6.8,150694,"['Jane Lynch', 'Matthew Morrison', 'Cory Monteith']"
Buffy the Vampire Slayer,1997–2003,8.3,150645,"['Nicholas Brendon', 'Alyson Hannigan', 'Anthony Head']"
This Is Us,2016–2022,8.7,147935,"['Mandy Moore', 'Sterling K. Brown', 'Chrissy Metz']"
Invincible,2021– ,8.7,147718,"['J.K. Simmons', 'Sandra Oh', 'Zazie Beetz']"
Riverdale,2017– ,6.6,147347,"['Camila Mendes', 'Cole Sprouse', 'K.J. Apa']"
Tom Clancy's Jack Ryan,2018– ,8,146394,"['Wendell Pierce', 'Michael Kelly', 'John Hoogenakker']"
The Last Kingdom,2015–2022,8.5,146391,"['Eliza Butterworth', 'Arnas Fedaravicius', 'Mark Rowley']"
Freaks and Geeks,1999–2000,8.8,145669,"['John Francis Daley', 'James Franco', 'Samm Levine']"
Severance,2022– ,8.7,143294,"['Zach Cherry', 'Britt Lower', 'Tramell Tillman']"
Bridgerton,2020– ,7.4,143053,"['Luke Thompson', 'Jonathan Bailey', 'Bessie Carter']"
Luther,2010–2019,8.4,142853,"['Dermot Crowley', 'Michael Smiley', 'Warren Brown']"
Taboo,2017,8.3,141517,"['David Hayman', 'Jonathan Pryce', 'Oona Chaplin']"
Chuck,2007–2012,8.2,140981,"['Yvonne Strahovski', 'Joshua Gomez', 'Vik Sahay']"
After Life,2019–2022,8.4,140849,"['Tom Basden', 'Tony Way', 'Diane Morgan']"
The Originals,2013–2018,8.3,139333,"['Daniel Gillies', 'Claire Holt', 'Phoebe Tonkin']"
The Fresh Prince of Bel-Air,1990–1996,7.9,138039,"['James Avery', 'Alfonso Ribeiro', 'Tatyana Ali']"
Six Feet Under,2001–2005,8.7,137753,"['Michael C. Hall', 'Frances Conroy', 'Lauren Ambrose']"
Dragon Ball Z,1989–1996,8.8,135050,"['Christopher Sabat', 'Scott McNeil', 'Sean Schemmel']"
Malcolm in the Middle,2000–2006,8.1,134547,"['Bryan Cranston', 'Justin Berfield', 'Erik Per Sullivan']"
White Collar,2009–2014,8.2,134247,"['Tim DeKay', 'Willie Garson', 'Tiffani Thiessen']"
Luke Cage,2016–2018,7.3,133869,"['Simone Missick', 'Theo Rossi', 'Alfre Woodard']"
Iron Fist,2017–2018,6.4,133821,"['Jessica Henwick', 'Jessica Stroup', 'Tom Pelphrey']"
Reacher,2022– ,8.1,133319,"['Malcolm Goodwin', 'Willa Fitzgerald', 'Hugh Thompson']"
Fear the Walking Dead,2015–2023,6.8,133191,"['Frank Dillane', 'Cliff Curtis', 'Rubén Blades']"
Curb Your Enthusiasm,2000– ,8.8,132493,"['Cheryl Hines', 'Jeff Garlin', 'Susie Essman']"
Gilmore Girls,2000–2007,8.2,132387,"['Alexis Bledel', 'Keiko Agena', 'Scott Patterson']"
Desperate Housewives,2004–2012,7.6,131759,"['Felicity Huffman', 'Marcia Cross', 'Eva Longoria']"
Smallville,2001–2011,7.5,131180,"['Michael Rosenbaum', 'Allison Mack', 'Kristin Kreuk']"
American Dad!,2005– ,7.4,130512,"['Wendy Schaal', 'Scott Grimes', 'Rachael MacFarlane']"
Sex and the City,1998–2004,7.3,130384,"['Kim Cattrall', 'Kristin Davis', 'Cynthia Nixon']"
The Sinner,2017–2021,7.9,129131,"['Jessica Hecht', 'Dohn Norwood', 'Adam LeFevre']"
Andor,2022– ,8.4,127526,"['Kyle Soller', 'Stellan Skarsgård', ""Genevieve O'Reilly""]"
Schitt's Creek,2015–2020,8.5,126944,"[""Catherine O'Hara"", 'Dan Levy', 'Annie Murphy']"
30 Rock,2006–2013,8.3,126490,"['Alec Baldwin', 'Tracy Morgan', 'Jack McBrayer']"
Star Trek: Discovery,2017–2024,7,125910,"['Doug Jones', 'Anthony Rapp', 'Emily Coutts']"
Supergirl,2015–2021,6.2,125803,"['Chyler Leigh', 'David Harewood', 'Katie McGrath']"
The Legend of Korra,2012–2014,8.4,125332,"['P.J. Byrne', 'David Faustino', 'J.K. Simmons']"
Penny Dreadful,2014–2016,8.2,125027,"['Timothy Dalton', 'Eva Green', 'Reeve Carney']"
Star Trek: The Next Generation,1987–1994,8.7,124853,"['Brent Spiner', 'Jonathan Frakes', 'LeVar Burton']"
Watchmen,2019,8.2,124195,"['Yahya Abdul-Mateen II', 'Tom Mison', 'Sara Vickers']"
Mr. Bean,1990–1995,8.6,123531,"['Matilda Ziegler', 'Robin Driscoll', 'Matthew Ashforde']"
Grimm,2011–2017,7.9,123114,"['Russell Hornsby', 'Silas Weir Mitchell', 'Sasha Roiz']"
Lie to Me,2009–2011,8,122479,"['Kelli Williams', 'Brendan Hines', 'Monica Raymund']"
Killing Eve,2018–2022,8.1,122084,"['Sandra Oh', 'Fiona Shaw', 'Kim Bodnia']"
Revenge,2011–2015,7.8,121557,"['Emily VanCamp', 'Gabriel Mann', 'Nick Wechsler']"
What If...?,2021– ,7.4,121381,"['Terri Douglas', 'Matthew Wood', 'Robin Atkin Downes']"
Top Gear,2002– ,8.7,121175,"['Richard Hammond', 'James May', 'The Stig']"
The Newsroom,2012–2014,8.6,118326,"['Emily Mortimer', 'John Gallagher Jr.', 'Alison Pill']"
The Marvelous Mrs. Maisel,2017–2023,8.7,117594,"['Alex Borstein', 'Michael Zegen', 'Marin Hinkle']"
Broadchurch,2013–2017,8.4,116936,"['Olivia Colman', 'Jodie Whittaker', 'Andrew Buchan']"
Peacemaker,2022– ,8.3,116821,"['Danielle Brooks', 'Freddie Stroma', 'Jennifer Holland']"
The Office,2001–2003,8.5,116014,"['Martin Freeman', 'Mackenzie Crook', 'Lucy Davis']"
The Killing,2011–2014,8.3,115043,"['Joel Kinnaman', 'Billy Campbell', 'Liam James']"
Gravity Falls,2012–2016,8.9,114946,"['Alex Hirsch', 'Kristen Schaal', 'Linda Cardellini']"
Elementary,2012–2019,7.9,113490,"['Lucy Liu', 'Aidan Quinn', 'Jon Michael Hill']"
Weeds,2005–2012,7.9,112766,"['Hunter Parrish', 'Alexander Gould', 'Kevin Nealon']"
Orphan Black,2013–2017,8.3,112679,"['Dylan Bruce', 'Jordan Gavaris', 'Kevin Hanchard']"
Law & Order: Special Victims Unit,1999– ,8.1,111838,"['Christopher Meloni', 'Ice-T', 'Dann Florek']"
Only Murders in the Building,2021– ,8.1,110584,"['Martin Short', 'Selena Gomez', 'Amy Ryan']"
Bates Motel,2013–2017,8.1,110532,"['Freddie Highmore', 'Max Thieriot', 'Nicola Peltz Beckham']"
Deadwood,2004–2006,8.6,110149,"['Ian McShane', 'Molly Parker', 'Brad Dourif']"
The Fall,I) (2013–2016,8.1,109345,"['Jamie Dornan', 'John Lynch', 'Aisling Franciosi']"
Banshee,2013–2016,8.4,108407,"['Ivana Milicevic', 'Ulrich Thomsen', 'Frankie Faison']"
The Wheel of Time,2021– ,7.1,108322,"['Daniel Henney', 'Madeleine Madden', 'Zoë Robins']"
Under the Dome,2013–2015,6.5,108190,"['Rachelle Lefevre', 'Alexander Koch', 'Colin Ford']"
Hunter x Hunter,2011–2014,9,107620,"['Megumi Han', 'Cristina Valenzuela', 'Mariya Ise']"
The OA,2016–2019,7.8,107352,"['Jason Isaacs', 'Scott Wilson', 'Alice Krige']"
Black Sails,2014–2017,8.2,107242,"['Toby Stephens', 'Hannah New', 'Zach McGowan']"
Batman: The Animated Series,1992–1995,9,107073,"['Loren Lester', 'Efrem Zimbalist Jr.', 'Bob Hastings']"
The Morning Show,I) (2019– ,8.2,106689,"['Reese Witherspoon', 'Billy Crudup', 'Mark Duplass']"
DC's Legends of Tomorrow,2016–2022,6.8,106610,"['Amy Louise Pemberton', 'Dominic Purcell', 'Nick Zano']"
Married... with Children,1987–1997,8.1,106284,"['Christina Applegate', 'Katey Sagal', 'Amanda Bearse']"
My Name Is Earl,2005–2009,7.8,105371,"['Ethan Suplee', 'Jaime Pressly', 'Nadine Velazquez']"
Emily in Paris,2020– ,6.9,104618,"['Philippine Leroy-Beaulieu', 'Ashley Park', 'Samuel Arnold']"
Titans,I) (2018–2023,7.5,104190,"['Anna Diop', 'Ryan Potter', 'Teagan Croft']"
The Man in the High Castle,2015–2019,7.9,103875,"['Luke Kleintank', 'Rufus Sewell', 'Rupert Evans']"
Justified,2010–2015,8.6,103484,"['Nick Searcy', 'Joelle Carter', 'Jacob Pitts']"
Misfits,2009–2013,8.2,103167,"['Joe Gilgun', 'Iwan Rheon', 'Lauren Socha']"
Star Wars: The Clone Wars,2008–2020,8.4,102737,"['Dee Bradley Baker', 'Matt Lanter', 'James Arnold Taylor']"
The Americans,2013–2018,8.4,102522,"['Matthew Rhys', 'Keidrich Sellati', 'Holly Taylor']"
The Leftovers,2014–2017,8.3,102490,"['Amy Brenneman', 'Christopher Eccleston', 'Liv Tyler']"
SpongeBob SquarePants,1999– ,8.2,102230,"['Rodger Bumpass', 'Bill Fagerbakke', 'Clancy Brown']"
Lost in Space,2018–2021,7.3,101457,"['Toby Stephens', 'Maxwell Jenkins', 'Taylor Russell']"
Oz,1997–2003,8.7,101431,"['J.K. Simmons', 'Lee Tergesen', 'Dean Winters']"
2 Broke Girls,2011–2017,6.6,100318,"['Beth Behrs', 'Garrett Morris', 'Jonathan Kite']"
Psych,2006–2014,8.4,100169,"['Dulé Hill', 'Timothy Omundson', 'Corbin Bernsen']"
Adventure Time,2010–2018,8.6,99238,"['Jeremy Shada', 'Tom Kenny', 'Hynden Walch']"
The Good Doctor,2017– ,8.1,99123,"['Hill Harper', 'Richard Schiff', 'Christina Chang']"
Russian Doll,2019– ,7.8,99105,"['Charlie Barnett', 'Greta Lee', 'Elizabeth Ashley']"
Chilling Adventures of Sabrina,2018–2020,7.4,99084,"['Ross Lynch', 'Lucy Davis', 'Chance Perdomo']"
Making a Murderer,2015–2018,8.6,97996,"['Dolores Avery', 'Laura Nirider', 'Allan Avery']"
Billions,2016– ,8.4,96540,"['Damian Lewis', 'Maggie Siff', 'David Costabile']"
American Crime Story,2016– ,8.4,96434,"['Annaleigh Ashford', 'Sterling K. Brown', 'Kenneth Choi']"
Stargate SG-1,1997–2007,8.4,95908,"['Michael Shanks', 'Amanda Tapping', 'Christopher Judge']"
Fawlty Towers,1975–1979,8.8,95483,"['Prunella Scales', 'Andrew Sachs', 'Connie Booth']"
The Terminal List,2022– ,7.9,95193,"['Constance Wu', 'Taylor Kitsch', 'Riley Keough']"
Designated Survivor,2016–2019,7.5,94283,"['Adan Canto', 'Italia Ricci', 'Kal Penn']"
1899,2022,7.4,94280,"['Aneurin Barnard', 'Andreas Pietschmann', 'Miguel Bernardeau']"
The Night Manager,2016,8,93909,"['Hugh Laurie', 'Elizabeth Debicki', 'Olivia Colman']"
Shadow and Bone,2021– ,7.6,93894,"['Ben Barnes', 'Archie Renaux', 'Freddy Carter']"
Atypical,2017–2021,8.2,93457,"['Keir Gilchrist', 'Brigette Lundy-Paine', 'Michael Rapaport']"
Legion,2017–2019,8.2,92876,"['Rachel Keller', 'Aubrey Plaza', 'Bill Irwin']"
Dead to Me,2019–2022,8,91777,"['Linda Cardellini', 'Sam McCarthy', 'Luke Roessler']"
The O.C.,2003–2007,7.5,91628,"['Adam Brody', 'Peter Gallagher', 'Kelly Rowan']"
The Orville,2017– ,8,91201,"['Adrianne Palicki', 'Penny Johnson Jerald', 'Scott Grimes']"
Last Week Tonight with John Oliver,2014– ,8.9,90902,"['David Kaye', 'Ryan Barger', 'Noel MacNeal']"
Falling Skies,2011–2015,7.1,90719,"['Drew Roy', 'Maxim Knight', 'Will Patton']"
Locke & Key,2020–2022,7.3,90112,"['Connor Jessup', 'Emilia Jones', 'Jackson Robert Scott']"
The Inbetweeners,2008–2010,8.4,89906,"['James Buckley', 'Blake Harrison', 'Joe Thomas']"
The Family Man,2019– ,8.7,89501,"['Samantha Ruth Prabhu', 'Priyamani', 'Sharib Hashmi']"
The Following,2013–2015,7.4,89410,"['James Purefoy', 'Shawn Ashmore', 'Valorie Curry']"
Ray Donovan,2013–2020,8.3,89028,"['Eddie Marsan', 'Dash Mihok', 'Pooch Hall']"
American Gods,2017–2021,7.6,88464,"['Emily Browning', 'Yetide Badaki', 'Bruce Langley']"
See,2019–2022,7.6,88297,"['Sylvia Hoeks', 'Hera Hilmar', 'Christian Camargo']"
Barry,2018–2023,8.4,87709,"['Stephen Root', 'Sarah Goldberg', 'Anthony Carrigan']"
Skins,2007–2013,8.2,87160,"['Nicholas Hoult', 'Joe Dempsie', 'Hannah Murray']"
Frasier,1993–2004,8.2,87128,"['Jane Leeves', 'David Hyde Pierce', 'Peri Gilpin']"
The Outsider,2020,7.7,86798,"['Bill Camp', 'Jeremy Bobb', 'Mare Winningham']"
Narcos: Mexico,2018–2021,8.4,86654,"['José María Yazpik', 'Alejandro Edda', 'Alfonso Dosal']"
Star Trek,1966–1969,8.4,86447,"['Leonard Nimoy', 'DeForest Kelley', 'Nichelle Nichols']"
Charmed,1998–2006,7.1,86177,"['Alyssa Milano', 'Brian Krause', 'Rose McGowan']"
The Twilight Zone,1959–1964,9.1,86167,"['Robert McCord', 'Jay Overholts', 'James Turley']"
The Bear,2022– ,8.4,85710,"['Ebon Moss-Bachrach', 'Ayo Edebiri', 'Lionel Boyce']"
Agent Carter,2015–2016,7.9,85384,"[""James D'Arcy"", 'Enver Gjokaj', 'Chad Michael Murray']"
CSI: Crime Scene Investigation,2000–2015,7.7,85321,"['Laurence Fishburne', 'Ted Danson', 'George Eads']"
Revolution,2012–2014,6.6,84527,"['Tracy Spiridakos', 'Giancarlo Esposito', 'Zak Orth']"
Terra Nova,2011,6.7,84435,"['Shelley Conn', 'Christine Adams', 'Allison Miller']"
Bob's Burgers,2011– ,8.2,84431,"['Dan Mintz', 'Eugene Mirman', 'John Roberts']"
The King of Queens,1998–2007,7.4,84251,"['Leah Remini', 'Jerry Stiller', 'Patton Oswalt']"
Merlin,2008–2012,7.9,83727,"['Colin Morgan', 'Bradley James', 'Richard Wilson']"
The Strain,2014–2017,7.3,83014,"['David Bradley', 'Kevin Durand', 'Jonathan Hyde']"
Big Mouth,2017– ,7.9,82659,"['John Mulaney', 'Jessi Klein', 'Jason Mantzoukas']"
The Shield,2002–2008,8.7,82624,"['Walton Goggins', 'Michael Jace', 'Jay Karnes']"
One Tree Hill,2003–2012,7.8,82613,"['James Lafferty', 'Hilarie Burton', 'Bethany Joy Lenz']"
What We Do in the Shadows,2019– ,8.6,82523,"['Matt Berry', 'Natasia Demetriou', 'Harvey Guillén']"
Tiger King,2020–2021,7.5,82031,"['Carole Baskin', 'John Reinke', 'Jeff Lowe']"
Raised by Wolves,2020–2022,7.5,81070,"['Amanda Collin', 'Abubakar Salim', 'Winta McGrath']"
Good Omens,2019–2023,8,81023,"['Michael Sheen', 'Frances McDormand', 'Sam Taylor Buck']"
Louie,2010–2015,8.5,79991,"['Hadley Delany', 'Ursula Parker', 'Pamela Adlon']"
The West Wing,1999–2006,8.9,79313,"['Rob Lowe', 'Allison Janney', 'John Spencer']"
Star Trek: Picard,2020–2023,7.3,78413,"['Michelle Hurd', 'Jeri Ryan', 'Alison Pill']"
Atlanta,2016–2022,8.6,78316,"['Brian Tyree Henry', 'LaKeith Stanfield', 'Zazie Beetz']"
His Dark Materials,2019–2022,7.8,78234,"['Kit Connor', 'Ruth Wilson', 'Amir Wilson']"
The Good Wife,2009–2016,8.4,77870,"['Chris Noth', 'Josh Charles', 'Matt Czuchry']"
Monk,2002–2009,8,77661,"['Jason Gray-Stanford', 'Ted Levine', 'Traylor Howard']"
Da Vinci's Demons,2013–2015,7.9,77604,"['Gregg Chilingirian', 'Eros Vlahos', 'Laura Haddock']"
The Grand Tour,2016– ,8.7,77590,"['James May', 'Richard Hammond', 'Abbie Eaton']"
Preacher,2016–2019,7.9,76920,"['Joe Gilgun', 'Ruth Negga', 'Ian Colletti']"
The Tudors,2007–2010,8.1,76794,"['Henry Cavill', 'Anthony Brophy', 'James Frain']"
Burn Notice,2007–2013,8,76032,"['Gabrielle Anwar', 'Bruce Campbell', 'Sharon Gless']"
Monty Python's Flying Circus,1969–1974,8.8,75795,"['John Cleese', 'Terry Gilliam', 'Eric Idle']"
Scandal,2012–2018,7.7,75622,"['Darby Stanchfield', 'Katie Lowes', 'Guillermo Diaz']"
Blindspot,2015–2020,7.3,75606,"['Jaimie Alexander', 'Audrey Esparza', 'Ashley Johnson']"
Ash vs Evil Dead,2015–2018,8.4,75377,"['Ray Santiago', 'Dana DeLorenzo', 'Lucy Lawless']"
Hawaii Five-0,2010–2020,7.4,75172,"['Scott Caan', 'Taylor Wily', 'Daniel Dae Kim']"
Veronica Mars,2004–2019,8.4,74943,"['Jason Dohring', 'Enrico Colantoni', 'Percy Daggs III']"
Bosch,2014–2021,8.5,74638,"['Jamie Hector', 'Amy Aquino', 'Lance Reddick']"
Marco Polo,2014–2016,8,74529,"['Benedict Wong', 'Joan Chen', 'Remy Hii']"
Master of None,2015–2021,8.2,74240,"['Eric Wareheim', 'Lena Waithe', 'Noël Wells']"
Unbreakable Kimmy Schmidt,2015–2020,7.6,74171,"['Jane Krakowski', 'Tituss Burgess', 'Carol Kane']"
Girls,2012–2017,7.4,74028,"['Allison Williams', 'Jemima Kirke', 'Adam Driver']"
Everybody Loves Raymond,1996–2005,7.2,72891,"['Patricia Heaton', 'Brad Garrett', 'Doris Roberts']"
Carnival Row,2019–2023,7.8,72549,"['Cara Delevingne', 'Simon McBurney', 'Tamzin Merchant']"
Angel,1999–2004,7.9,72152,"['Charisma Carpenter', 'Alexis Denisof', 'J. August Richards']"
Manifest,2018– ,7.1,71582,"['Josh Dallas', 'J.R. Ramirez', 'Luna Blaise']"
Star Trek: Voyager,1995–2001,7.8,71503,"['Robert Beltran', 'Roxann Dawson', 'Robert Duncan McNeill']"
Velma,2023– ,1.5,71039,"['Glenn Howerton', 'Sam Richardson', 'Constance Wu']"
Santa Clarita Diet,2017–2019,7.8,70661,"['Timothy Olyphant', 'Liv Hewson', 'Skyler Gisondo']"
iZombie,2015–2019,7.8,70144,"['Malcolm Goodwin', 'Rahul Kohli', 'Robert Buckley']"
Twin Peaks,2017,8.5,69894,"['Sheryl Lee', 'Michael Horse', 'Chrysta Bell']"
TVF Pitchers,2015–2022,9.1,69825,"['Arunabh Kumar', 'Abhay Mahajan', 'Gopal Datt']"
Castlevania,2017–2021,8.3,69159,"['James Callis', 'Alejandra Reynoso', 'Theo James']"
Limitless,2015–2016,7.6,68895,"['Jennifer Carpenter', 'Hill Harper', 'Mary Elizabeth Mastrantonio']"
Upload,2020– ,7.9,68866,"['Andy Allo', 'Allegra Edwards', 'Zainab Johnson']"
Ginny & Georgia,2021– ,7.5,68426,"['Antonia Gentry', 'Diesel La Torraca', 'Felix Mallard']"
Stargate: Atlantis,2004–2009,8.1,68403,"['Rachel Luttrell', 'David Hewlett', 'Jason Momoa']"
Young Sheldon,2017– ,7.6,68321,"['Zoe Perry', 'Lance Barber', 'Montana Jordan']"
Friday Night Lights,2006–2011,8.7,68303,"['Connie Britton', 'Zach Gilford', 'Aimee Teegarden']"
The Watcher,2022– ,6.5,67499,"['Bobby Cannavale', 'Mia Farrow', 'Terry Kinney']"
My Hero Academia,2016– ,8.3,67371,"['Justin Briner', 'Nobuhiko Okamoto', 'Ayane Sakura']"
Space Force,2020–2022,6.7,66949,"['John Malkovich', 'Ben Schwartz', 'Diana Silvers']"
Chappelle's Show,2003–2006,8.8,66903,"['Donnell Rawlings', 'Rudy Rush', 'Charlie Murphy']"
The Peripheral,2022– ,7.6,66390,"['Gary Carr', 'Jack Reynor', 'JJ Feild']"
I Am Not Okay with This,2020,7.5,66007,"['Wyatt Oleff', 'Sofia Bryant', 'Kathleen Rose Perkins']"
Shadowhunters,2016–2019,6.5,65744,"['Dominic Sherwood', 'Alberto Rosende', 'Matthew Daddario']"
Halo,2022– ,7.1,65357,"['Shabana Azmi', 'Natasha Culzac', 'Olive Gray']"
Star Trek: Deep Space Nine,1993–1999,8.1,65255,"['Rene Auberjonois', 'Cirroc Lofton', 'Alexander Siddig']"
Steins;Gate,2011–2015,8.8,65155,"['Asami Imai', 'Kana Hanazawa', 'Ashly Burch']"
Disenchantment,2018– ,7.2,64592,"['Eric André', 'Nat Faxon', 'John DiMaggio']"
Outer Banks,2020– ,7.5,63601,"['Madison Bailey', 'Chase Stokes', 'J.D.']"
ER,1994–2009,7.9,63381,"['George Clooney', 'Julianna Margulies', 'Eriq La Salle']"
A Series of Unfortunate Events,2017–2019,7.8,63081,"['Patrick Warburton', 'Malina Pauli Weissman', 'Louis Hynes']"
Foundation,2021– ,7.4,63079,"['Jared Harris', 'Lee Pace', 'Leah Harvey']"
Flight of the Conchords,2007–2009,8.6,62934,"['Bret McKenzie', 'Rhys Darby', 'Kristen Schaal']"
Line of Duty,2012–2021,8.7,62374,"['Vicky McClure', 'Adrian Dunbar', 'Craig Parkinson']"
Never Have I Ever,2020–2023,7.8,62252,"['Poorna Jagannathan', 'Darren Barnet', 'John McEnroe']"
Peep Show,2003–2015,8.7,62200,"['Robert Webb', 'Matt King', 'Olivia Colman']"
Sleepy Hollow,2013–2017,7.3,62103,"['Lyndie Greenwood', 'Nicole Beharie', 'Orlando Jones']"
Ratched,2020– ,7.3,61880,"['Finn Wittrock', 'Cynthia Nixon', 'Judy Davis']"
Continuum,I) (2012–2015,7.6,61839,"['Victor Webster', 'Erik Knudsen', 'Stephen Lobo']"
Quantico,2015–2018,6.7,61783,"['Jake McLaughlin', 'Johanna Braddy', 'Aunjanue Ellis']"
The Shannara Chronicles,2016–2017,7.1,61779,"['Ivana Baquero', 'Manu Bennett', 'Aaron Jakubenko']"
Flashforward,2009–2010,7.6,61282,"['Joseph Fiennes', 'Jack Davenport', 'Zachary Knighton']"
Superstore,2015–2021,7.8,61280,"['Lauren Ash', 'Colton Dunn', 'Nico Santos']"
Manhunt,II) (2017–2020,8.1,61173,"['Arliss Howard', 'Kelly Jenrette', 'Cameron Britton']"
Terminator: The Sarah Connor Chronicles,2008–2009,7.6,61116,"['Thomas Dekker', 'Summer Glau', 'Richard T. Jones']"
The Last Man on Earth,2015–2018,7.3,60469,"['January Jones', 'Cleopatra Coleman', 'Kristen Schaal']"
The Last Ship,2014–2018,7.4,60440,"['Adam Baldwin', 'Charles Parnell', 'Travis Van Winkle']"
Full House,1987–1995,6.8,60173,"['John Stamos', 'Dave Coulier', 'Candace Cameron Bure']"
Black Books,2000–2004,8.5,59947,"['Bill Bailey', 'Tamsin Greig', 'Paul Beech']"
Eastbound & Down,2009–2013,8.3,59885,"['Steve Little', 'Katy Mixon', 'Elizabeth De Razzo']"
Chicago Fire,2012– ,8,59284,"['Christian Stolte', 'Eamonn Walker', 'Joe Minoso']"
M*A*S*H,1972–1983,8.4,59252,"['Wayne Rogers', 'Loretta Swit', 'Jamie Farr']"
Forever,2014–2015,8.2,58949,"['Alana De La Garza', 'Joel David Moore', 'Donnie Keshawarz']"
Travelers,2016–2018,8,58904,"['MacKenzie Porter', 'Nesta Cooper', 'Jared Abrahamson']"
CSI: Miami,2002–2012,6.4,58706,"['Emily Procter', 'Adam Rodriguez', 'Rex Linn']"
Anne with an E,2017–2019,8.7,58229,"['Geraldine James', 'R.H. Thomson', 'Dalila Bela']"
Extras,2005–2007,8.3,58201,"['Ashley Jensen', 'Stephen Merchant', 'Shaun Williamson']"
The Flight Attendant,2020–2022,7.1,58186,"['Zosia Mamet', 'Griffin Matthews', 'Rosie Perez']"
Veep,2012–2019,8.4,58125,"['Tony Hale', 'Anna Chlumsky', 'Reid Scott']"
Pushing Daisies,2007–2009,8.4,57809,"['Anna Friel', 'Chi McBride', 'Jim Dale']"
Cheers,1982–1993,7.9,57476,"['Rhea Perlman', 'John Ratzenberger', 'George Wendt']"
Wayward Pines,2015–2016,7.3,57351,"['Toby Jones', 'Shannyn Sossamon', 'Hope Davis']"
Will & Grace,1998–2020,7.3,57280,"['Debra Messing', 'Megan Mullally', 'Sean Hayes']"
Jericho,2006–2008,7.9,57263,"['Lennie James', 'Ashley Scott', 'Kenneth Mitchell']"
V,2009–2011,6.8,57159,"['Morris Chestnut', 'Joel Gretsch', 'Logan Huffman']"
Snowpiercer,2020–2023,6.9,57028,"['Mickey Sumner', 'Alison Wright', 'Iddo Goldberg']"
Heartstopper,2022– ,8.7,57019,"['Kit Connor', 'Yasmin Finney', 'William Gao']"
Nip/Tuck,2003–2010,7.7,56928,"['Julian McMahon', 'Joely Richardson', 'John Hensley']"
Your Honor,II) (2020–2023,7.6,56287,"['Hope Davis', 'Michael Stuhlbarg', 'Lilli Kay']"
The Alienist,2018–2020,7.7,56086,"['Dakota Fanning', 'Luke Evans', 'Robert Wisdom']"
Spaced,1999–2001,8.6,55551,"['Jessica Hynes', 'Julia Deakin', 'Nick Frost']"
Scorpion,2014–2018,7,55545,"['Katharine McPhee', 'Eddie Kaye Thomas', 'Jadyn Wong']"
Doom Patrol,2019–2023,7.8,55427,"['April Bowlby', 'Matt Bomer', 'Brendan Fraser']"
Eureka,2006–2012,7.9,55326,"['Salli Richardson-Whitfield', 'Erica Cerra', 'Neil Grayston']"
Samurai Jack,2001–2017,8.5,55244,"['Mako', 'Kevin Michael Richardson', 'Jeff Bennett']"
Cyberpunk: Edgerunners,2022,8.3,55166,"['Kenichiro Ohashi', 'Emi Lo', 'Aoi Yûki']"
A Discovery of Witches,2018–2022,7.9,55156,"['Teresa Palmer', 'Alex Kingston', 'Gregg Chilingirian']"
Blue Mountain State,2010–2011,8.3,55040,"['Alan Ritchson', 'Chris Romano', 'Ed Marinaro']"
Star Trek: Enterprise,2001–2005,7.5,55012,"['John Billingsley', 'Jolene Blalock', 'Dominic Keating']"
NCIS: Los Angeles,2009–2023,6.8,54913,"['Daniela Ruah', 'LL Cool J', 'Eric Christian Olsen']"
Warehouse 13,2009–2014,7.6,54890,"['Joanne Kelly', 'Saul Rubinek', 'Allison Scagliotti']"
Good Girls,2018–2021,7.7,54648,"['Retta', 'Mae Whitman', 'Reno Wilson']"
Bloodline,2015–2017,7.9,54598,"['Ben Mendelsohn', 'Linda Cardellini', 'Sissy Spacek']"
King of the Hill,1997–2010,7.5,54587,"['Kathy Najimy', 'Pamela Adlon', 'Johnny Hardwick']"
Constantine,2014–2015,7.5,54409,"['Harold Perrineau', 'Charles Halford', 'Angélica Celaya']"
Hart of Dixie,2011–2015,7.7,54364,"['Jaime King', 'Cress Williams', 'Wilson Bethel']"
Sweet Tooth,2021– ,7.8,54287,"['Christian Convery', 'Adeel Akhtar', 'Stefania LaVie Owen']"
All of Us Are Dead,2022– ,7.5,54284,"['Chan-Young Yoon', 'Yi-Hyun Cho', 'Park Solomon']"
Blackadder Goes Forth,1989,8.8,54113,"['Tony Robinson', 'Stephen Fry', 'Hugh Laurie']"
Yellowjackets,2021– ,7.9,53705,"['Tawny Cypress', 'Christina Ricci', 'Juliette Lewis']"
Grace and Frankie,2015–2022,8.2,53678,"['Lily Tomlin', 'Sam Waterston', 'Martin Sheen']"
Workaholics,2011–2017,8.1,53540,"['Adam Devine', 'Anders Holm', 'Maribeth Monroe']"
3rd Rock from the Sun,1996–2001,7.8,53490,"['Jane Curtin', 'Kristen Johnston', 'French Stewart']"
MythBusters,2003–2018,8.3,53362,"['Jamie Hyneman', 'Adam Savage', 'Kari Byron']"
Only Fools and Horses,1981–2003,9,53267,"['Nicholas Lyndhurst', 'Roger Lloyd Pack', 'Buster Merryfield']"
Dirk Gently's Holistic Detective Agency,2016–2017,8.2,53259,"['Elijah Wood', 'Hannah Marks', 'Jade Eshete']"
Hell on Wheels,2011–2016,8.3,53241,"['Colm Meaney', 'Robin McLeavy', 'Phil Burke']"
Jane the Virgin,2014–2019,7.9,53088,"['Andrea Navedo', 'Yael Grobglas', 'Justin Baldoni']"
The Magicians,2015–2020,7.6,52671,"['Hale Appleman', 'Arjun Gupta', 'Summer Bishil']"
Archive 81,2022,7.3,52481,"['Dina Shihabi', 'Evan Jonigkeit', 'Julia Chan']"
Happy Valley,2014–2023,8.5,52391,"['Siobhan Finneran', 'James Norton', 'Rhys Connah']"
Leverage,2008–2012,7.9,52321,"['Gina Bellman', 'Christian Kane', 'Beth Riesgraf']"
Nikita,2010–2013,7.7,52216,"['Shane West', 'Lyndsy Fonseca', 'Aaron Stanford']"
The Borgias,2011–2013,7.9,52142,"['François Arnaud', 'Holliday Grainger', 'Peter Sullivan']"
Alias,2001–2006,7.6,52045,"['Ron Rifkin', 'Carl Lumbly', 'Kevin Weisman']"
Warrior Nun,2020–2022,7,51660,"['Kristina Tonteri-Young', 'Lorena Andrea', 'Tristán Ulloa']"
Stargate Universe,2009–2011,7.6,51479,"['Louis Ferreira', 'Brian J. Smith', 'Elyse Levesque']"
Fate: The Winx Saga,2021–2022,6.8,51093,"['Hannah van der Westhuysen', 'Precious Mustapha', 'Eliot Salt']"
Reign,2013–2017,7.4,51064,"['Megan Follows', 'Celina Sinden', 'Torrance Coombs']"
Almost Human,2013–2014,7.9,50939,"['Michael Ealy', 'Minka Kelly', 'Mackenzie Crook']"
The Middle,2009–2018,7.6,50860,"['Neil Flynn', 'Charlie McDermott', 'Eden Sher']"
Goliath,2016–2021,8.1,50447,"['Nina Arianda', 'Tania Raymonde', 'Diana Hopper']"
Dexter's Laboratory,1996–2003,7.9,50443,"['Jeff Bennett', 'Christine Cavanaugh', 'Frank Welker']"
Dollhouse,2009–2010,7.7,50203,"['Harry Lennix', 'Fran Kranz', 'Tahmoh Penikett']"
Saturday Night Live,1975– ,8,50093,"['Don Pardo', 'Darrell Hammond', 'Lenny Pickett']"
The League,I) (2009–2015,8.3,49966,"['Jonathan Lajoie', 'Nick Kroll', 'Stephen Rannazzisi']"
The Knick,2014–2015,8.5,49965,"['Clive Owen', 'Jeremy Bobb', 'Juliet Rylance']"
Phineas and Ferb,2007–2024,8.1,49604,"['Dan Povenmire', 'Thomas Brodie-Sangster', 'Ashley Tisdale']"
Vikings: Valhalla,2022– ,7.3,49417,"['Leo Suter', 'Frida Gustavsson', 'Jóhannes Haukur Jóhannesson']"
Hunters,2020–2023,7.2,48756,"['Logan Lerman', 'Lena Olin', 'Josh Radnor']"
Regular Show,2009–2017,8.5,48573,"['William Salyers', 'Sam Marin', 'Mark Hamill']"
Power,I) (2014–2020,8.1,48268,"['Lela Loren', 'Naturi Naughton', 'Joseph Sikora']"
Utopia,I) (2013–2014,8.4,48053,"['Paul Higgins', 'Neil Maskell', ""Fiona O'Shaughnessy""]"
The Secret Circle,2011–2012,7.3,47934,"['Thomas Dekker', 'Phoebe Tonkin', 'Shelley Hennig']"
CSI: NY,2004–2013,6.9,47933,"['Carmine Giovinazzo', 'Hill Harper', 'Eddie Cahill']"
Justice League,2001–2004,8.6,47933,"['Phil LaMarr', 'Michael Rosenbaum', 'George Newbern']"
GLOW,2017–2019,8,47858,"['Marc Maron', 'Betty Gilpin', 'Britt Baron']"
Sword Art Online,2012– ,7.5,47729,"['Haruka Tomatsu', 'Bryce Papenbrook', 'Cherami Leigh']"
Into the Badlands,2015–2019,7.9,47637,"['Orla Brady', 'Emily Beecham', 'Aramis Knight']"
Castle Rock,2018–2019,7.5,47625,"['André Holland', 'Lizzy Caplan', 'Melanie Lynskey']"
Blackadder II,1986,8.6,47603,"['Tony Robinson', 'Tim McInnerny', 'Miranda Richardson']"
Boston Legal,2004–2008,8.5,47594,"['William Shatner', 'Candice Bergen', 'Rene Auberjonois']"
The Daily Show,1996– ,8.3,47545,"['Trevor Noah', 'Stephen Colbert', 'Roy Wood Jr.']"
Ghost Whisperer,2005–2010,6.4,47513,"['David Conrad', 'Camryn Manheim', 'Christoph Sanders']"
Poirot,1989–2013,8.6,47409,"['Hugh Fraser', 'Philip Jackson', 'Pauline Moran']"
For All Mankind,2019– ,8,47089,"['Michael Dorman', 'Wrenn Schmidt', 'Shantel VanSanten']"
Derry Girls,2018–2022,8.5,47033,"['Louisa Harland', ""Tara Lynne O'Neill"", 'Kathy Kiera Clarke']"
Courage the Cowardly Dog,1999–2002,8.3,46978,"['Thea White', 'Peter Fernandez', 'Simon Prebble']"
The Affair,2014–2019,7.9,46928,"['Ruth Wilson', 'Maura Tierney', 'Julia Goldani Telles']"
Guillermo del Toro's Cabinet of Curiosities,2022– ,7,46881,"['Kevin Keppy', 'Ben Barnes', 'F. Murray Abraham']"
Star Wars: Rebels,2014–2018,8,46583,"['Taylor Gray', 'Freddie Prinze Jr.', 'Vanessa Marshall']"
The Terror,2018–2019,7.9,46320,"['Derek Mio', 'Tobias Menzies', 'Kiki Sukezane']"
Coupling,2000–2004,8.6,46280,"['Gina Bellman', 'Sarah Alexander', 'Kate Isitt']"
Xena: Warrior Princess,1995–2001,6.7,46255,"[""Renée O'Connor"", 'Ted Raimi', 'Kevin Smith']"
Trailer Park Boys,2001–2018,8.6,45983,"['Robb Wells', 'Mike Smith', 'John Dunsworth']"
12 Monkeys,2015–2018,7.7,45970,"['Amanda Schull', 'Noah Bean', 'Barbara Sukowa']"
The 4400,2004–2007,7.3,45925,"['Joel Gretsch', 'Patrick John Flueger', 'Conchita Campbell']"
Clarkson's Farm,2021– ,9,45563,"['Kaleb Cooper', 'Charlie Ireland', 'Lisa Hogan']"
Home Improvement,1991–1999,7.2,45542,"['Earl Hindman', 'Taran Noah Smith', 'Zachery Ty Bryan']"
Carnivàle,2003–2005,8.4,45483,"['Adrienne Barbeau', 'Clancy Brown', 'Debra Christofferson']"
Final Space,2018–2021,8.2,45361,"['Tom Kenny', 'Olan Rogers', 'Tika Sumpter']"
Ballers,2015–2019,7.6,45325,"['John David Washington', 'Donovan W. Carter', 'Troy Garity']"
The Nanny,1993–1999,7,45194,"['Charles Shaughnessy', 'Daniel Davis', 'Lauren Lane']"
90210,2008–2013,6.2,45165,"['Tristan Mack Wilds', 'AnnaLynne McCord', 'Jessica Stroup']"
Blackadder the Third,1987,8.6,45100,"['Tony Robinson', 'Hugh Laurie', 'Helen Atkinson Wood']"
The Rookie,2018– ,8,45074,"['Alyssa Diaz', 'Richard T. Jones', ""Melissa O'Neil""]"
Awkward.,2011–2016,7.5,44938,"['Beau Mirchoff', 'Jillian Rose Reed', 'Brett Davern']"
Tulsa King,2022– ,8.1,44931,"['Andrea Savage', 'Martin Starr', 'Jay Will']"
Batwoman,2019–2022,3.4,44813,"['Rachel Skarsten', 'Meagan Tandy', 'Nicole Kang']"
Timeless,2016–2018,7.6,44756,"['Matt Lanter', 'Malcolm Barrett', 'Paterson Joseph']"
Ugly Betty,2006–2010,6.7,44707,"['Eric Mabius', 'Tony Plana', 'Ana Ortiz']"
X-Men: The Animated Series,1992–1997,8.4,44555,"['Cal Dodd', 'Lenore Zann', 'George Buza']"
Four More Shots Please,2019–2022,5.6,44478,"['Kirti Kulhari', 'Gurbani', 'Maanvi Gagroo']"
Whose Line Is It Anyway?,1998–2007,8.5,44473,"['Colin Mochrie', 'Ryan Stiles', 'Laura Hall']"
Roseanne,1988–2018,7,44410,"['John Goodman', 'Laurie Metcalf', 'Michael Fishman']"
Messiah,2020,7.6,44383,"['Mehdi Dehbi', 'John Ortiz', 'Tomer Sisley']"
Cougar Town,2009–2015,7,44340,"['Christa Miller', 'Busy Philipps', 'Dan Byrd']"
Robot Chicken,2001– ,7.7,44318,"['Matthew Senreich', 'Breckin Meyer', 'Tom Root']"
The Great,2020– ,8.2,44236,"['Nicholas Hoult', 'Phoebe Fox', 'Sacha Dhawan']"
Boy Meets World,1993–2000,8.1,44177,"['Rider Strong', 'William Daniels', 'Betsy Randle']"
The Powerpuff Girls,1998–2004,7.3,44155,"['Elizabeth Daily', 'Tara Strong', 'Tom Kenny']"
Formula 1: Drive to Survive,2019– ,8.6,44023,"['Jack Nicholls', 'Lewis Hamilton', 'Daniel Ricciardo']"
New Amsterdam,2018–2023,8,43873,"['Janet Montgomery', 'Jocko Sims', 'Tyler Labine']"
Lovecraft Country,2020,7.1,43845,"['Jurnee Smollett', 'Courtney B. Vance', 'Michael Kenneth Williams']"
Love,2016–2018,7.7,43845,"['Paul Rust', ""Claudia O'Doherty"", 'Mike Mitchell']"
Numb3rs,2005–2010,6.9,43646,"['David Krumholtz', 'Judd Hirsch', 'Alimi Ballard']"
Virgin River,2019– ,7.4,43597,"['Tim Matheson', 'Alexandra Breckenridge', 'Colin Lawrence']"
Defiance,2013–2015,6.9,43406,"['Stephanie Leonidas', 'Julie Benz', 'Graham Greene']"
Joey,2004–2006,6,43338,"['Paulo Costanzo', 'Drea de Matteo', 'Andrea Anders']"
Dark Matter,2015–2017,7.5,43315,"['Anthony Lemke', 'Alex Mallari Jr.', 'Jodelle Ferland']"
Wilfred,2011–2014,7.8,43312,"['Jason Gann', 'Fiona Gubelmann', 'Dorian Brown Pham']"
The Golden Girls,1985–1992,8.2,43216,"['Betty White', 'Rue McClanahan', 'Estelle Getty']"
Scream Queens,2015–2016,7.1,43051,"['Lea Michele', 'Abigail Breslin', 'Keke Palmer']"
Touch,2012–2013,7.3,42975,"['David Mazouz', 'Gugu Mbatha-Raw', 'Lukas Haas']"
Dead Like Me,2003–2004,8.1,42749,"['Callum Blue', 'Jasmine Guy', 'Mandy Patinkin']"
Young Justice,2010–2022,8.6,42615,"['Danica McKellar', 'Jesse McCartney', 'Stephanie Lemelin']"
Resident Evil,2022,4.1,42564,"['Tamara Smart', 'Siena Agudong', 'Adeline Rudolph']"
Scream: The TV Series,2015–2019,7.1,42544,"['Bex Taylor-Klaus', 'John Karna', 'Carlson Young']"
Blue Bloods,2010– ,7.7,42536,"['Bridget Moynahan', 'Will Estes', 'Len Cariou']"
Dawson's Creek,1998–2003,6.8,42467,"['Katie Holmes', 'Michelle Williams', 'Joshua Jackson']"
The Fairly OddParents,2001–2017,7.2,42337,"['Susanne Blakeslee', 'Daran Norris', 'Carlos Alazraqui']"
Resident Alien,2021– ,8.1,42208,"['Sara Tomko', 'Corey Reynolds', 'Alice Wetterlund']"
Impractical Jokers,2011– ,8.6,42047,"['Brian Quinn', 'Sal Vulcano', 'Joe Gatto']"
The Cleveland Show,2009–2013,5.6,42041,"['Sanaa Lathan', 'Kevin Michael Richardson', 'Jason Sudeikis']"
Torchwood,2006–2011,7.7,41885,"['Eve Myles', 'Kai Owen', 'Gareth David-Lloyd']"
The Old Man,2022– ,7.6,41639,"['John Lithgow', 'E.J. Bonilla', 'Bill Heck']"
Father Ted,1995–1998,8.7,41513,"[""Ardal O'Hanlon"", 'Frank Kelly', 'Pauline McLynn']"
Hannah Montana,2006–2011,5.2,41506,"['Emily Osment', 'Jason Earles', 'Billy Ray Cyrus']"
iCarly,2007–2012,6.7,41153,"['Jerry Trainor', 'Jennette McCurdy', 'Nathan Kress']"
The Kominsky Method,2018–2021,8.2,41115,"['Sarah Baker', 'Graham Rogers', 'Melissa Tang']"
Cowboy Bebop,2021,6.7,41110,"['Mustafa Shakir', 'Daniella Pineda', 'Elena Satine']"
Hemlock Grove,2013–2015,7,41105,"['Bill Skarsgård', 'Landon Liboiron', 'Joel de la Fuente']"
Drake & Josh,2004–2007,7.7,40974,"['Josh Peck', 'Miranda Cosgrove', 'Nancy Sullivan']"
Humans,2015–2018,7.9,40698,"['Gemma Chan', 'Lucy Carless', 'Tom Goodman-Hill']"
Servant,2019–2023,7.5,40666,"['Toby Kebbell', 'Nell Tiger Free', 'Rupert Grint']"
Law & Order,1990– ,7.8,40465,"['Jesse L. Martin', 'Dennis Farina', 'Sam Waterston']"
The Lincoln Lawyer,2022– ,7.7,40424,"['Neve Campbell', 'Becki Newton', 'Angus Sampson']"
The Ranch,2016–2020,7.5,40382,"['Sam Elliott', 'Grady Lee Richmond', 'Elisha Cuthbert']"
Star Wars: The Bad Batch,2021– ,7.8,40376,"['Dee Bradley Baker', 'Michelle Ang', 'Noshir Dalal']"
Happy!,2017–2019,8.1,40326,"['Ritchie Coster', 'Lili Mirojnick', 'Patton Oswalt']"
Animal Kingdom,2016–2022,8.2,40297,"['Ben Robson', 'Jake Weary', 'Finn Cole']"
Sabrina the Teenage Witch,1996–2003,6.7,40262,"['Caroline Rhea', 'Beth Broderick', 'Nick Bakay']"
Chicago P.D.,2014– ,8.1,40219,"['Patrick John Flueger', 'Marina Squerciati', 'LaRoyce Hawkins']"
MacGyver,1985–1992,7.6,39991,"['Dana Elcar', 'Bruce McGill', 'Robin Mossley']"
Empire,2015–2020,7.4,39959,"['Taraji P. Henson', 'Jussie Smollett', 'Bryshere Y. Gray']"
Hanna,2019–2021,7.6,39953,"['Mireille Enos', 'Áine Rose Daly', 'Cherrelle Skeete']"
Alcatraz,2012,6.9,39872,"['Jorge Garcia', 'Jonny Coyne', 'Parminder Nagra']"
The A-Team,1983–1987,7.5,39563,"['Mr. T', 'Dwight Schultz', 'Dirk Benedict']"
Jupiter's Legacy,2021,6.7,39490,"['Ben Daniels', 'Leslie Bibb', 'Andrew Horton']"
Blackadder,1982–1983,8,39255,"['Brian Blessed', 'Elspet Gray', 'Tim McInnerny']"
Everybody Hates Chris,2005–2009,7.5,39183,"['Tichina Arnold', 'Tequan Richmond', 'Imani Hakim']"
Slow Horses,2022– ,7.9,39180,"['Jack Lowden', 'Kristin Scott Thomas', 'Saskia Reeves']"
Haven,2010–2015,7.5,39173,"['Lucas Bryant', 'Eric Balfour', 'Richard Donat']"
Happy Endings,2011–2020,7.8,39061,"['Elisha Cuthbert', 'Zachary Knighton', 'Adam Pally']"
The Colbert Report,2005–2014,8.4,38963,"['Jay Katsir', 'Jon Stewart', 'Paul Dinello']"
Lethal Weapon,2016–2019,7.8,38880,"['Keesha Sharp', 'Kevin Rahm', 'Michelle Mitchenor']"
F Is for Family,2015–2021,8,38821,"['Laura Dern', 'Justin Long', 'Debi Derryberry']"
Raising Hope,2010–2014,8.1,38812,"['Martha Plimpton', 'Garret Dillahunt', 'Shannon Woodward']"
The Wonder Years,1988–1993,8.4,38790,"['Dan Lauria', 'Alley Mills', 'Jason Hervey']"
"Ed, Edd n Eddy",1999–2008,7.5,38787,"['Sam Vincent', 'Tony Sampson', 'Erin Fitzgerald']"
Shooter,2016–2018,7.5,38777,"['Shantel VanSanten', 'Cynthia Addai-Robinson', 'Omar Epps']"
Don't Trust the B---- in Apartment 23,2012–2013,7.3,38765,"['Dreama Walker', 'Michael Blaiklock', 'Eric André']"
The Goldbergs,2013–2023,8,38514,"['Sean Giambrone', 'Troy Gentile', 'Hayley Orrantia']"
The Flintstones,1960–1966,7.5,38282,"['Mel Blanc', 'Jean Vander Pyl', 'Bea Benaderet']"
Farscape,1999–2003,8.3,38162,"['Claudia Black', 'Anthony Simcoe', 'Lani John Tupu']"
Sneaky Pete,2015–2019,8.1,37993,"['Marin Ireland', 'Shane McRae', 'Libe Barer']"
Doctor Who,1963–1989,8.4,37981,"['Patrick Troughton', 'Jon Pertwee', 'Tom Baker']"
The Suite Life of Zack & Cody,2005–2008,6.6,37645,"['Dylan Sprouse', 'Brenda Song', 'Ashley Tisdale']"
"Scooby Doo, Where Are You!",1969–1970,7.9,37579,"['Casey Kasem', 'Nicole Jaffe', 'Vic Perrin']"
Z Nation,2014–2018,6.7,37574,"['Nat Zang', 'Keith Allan', 'Kellita Smith']"
Columbo,1971–2003,8.3,37401,"['Mike Lally', 'John Finnegan', 'Bruce Kirby']"
Colony,2016–2018,7.3,37305,"['Isabella Crovetti', 'Josh Holloway', 'Peter Jacobson']"
Beauty and the Beast,2012–2016,7,37295,"['Jay Ryan', 'Nina Lisandrello', 'Austin Basis']"
Johnny Bravo,1997–2004,7.2,37269,"['Brenda Vaccaro', 'Mae Whitman', 'Tom Kenny']"
Masters of Sex,2013–2016,7.9,37244,"['Lizzy Caplan', 'Caitlin FitzGerald', 'Teddy Sears']"
9/1/2001,2018– ,7.8,37112,"['Peter Krause', 'Oliver Stark', 'Aisha Hinds']"
According to Jim,2001–2009,6.5,36991,"['Courtney Thorne-Smith', 'Larry Joe Campbell', 'Taylor Atelian']"
Longmire,2012–2017,8.3,36939,"['Katee Sackhoff', 'Lou Diamond Phillips', 'Cassidy Freeman']"
ALF,1986–1990,7.4,36726,"['Paul Fusco', 'Max Wright', 'Anne Schedeen']"
Mom,2013–2021,7.3,36658,"['Anna Faris', 'Mimi Kennedy', 'Beth Hall']"
Another Life,2019–2021,5.3,36625,"['Samuel Anderson', 'A.J. Rivera', 'JayR Tinaco']"
Top of the Lake,2013–2017,7.4,36403,"['David Wenham', 'Peter Mullan', 'Thomas M. Wright']"
Rugrats,1991–2006,7.5,36386,"['Christine Cavanaugh', 'Nancy Cartwright', 'Kath Soucie']"
The Tomorrow People,2013–2014,7.2,36378,"['Peyton List', 'Luke Mitchell', 'Aaron Yoo']"
The Gifted,I) (2017–2019,7.2,36052,"['Amy Acker', 'Sean Teale', 'Natalie Alyn Lind']"
Saved by the Bell,1989–1992,7.1,35966,"['Mario Lopez', 'Dustin Diamond', 'Lark Voorhies']"
Parenthood,2010–2015,8.3,35933,"['Lauren Graham', 'Dax Shepard', 'Monica Potter']"
Gangs of London,2020– ,8.1,35804,"['Joe Cole', 'Michelle Fairley', 'Lucian Msamati']"
Red Dwarf,1988– ,8.4,35779,"['Craig Charles', 'Danny John-Jules', 'Robert Llewellyn']"
Sugarland,2019– ,8.3,35630,[]
Episodes,2011–2017,7.8,35598,"['Stephen Mangan', 'Tamsin Greig', 'John Pankow']"
Knight Rider,1982–1986,6.9,35559,"['Edward Mulhare', 'Richard Basehart', 'Patricia McPherson']"
Wizards of Waverly Place,2007–2012,6.9,35523,"['David Henrie', 'Jake T. Austin', 'Jennifer Stone']"
Legend of the Seeker,2008–2010,7.6,35481,"['Bridget Regan', 'Bruce Spence', 'Craig Parker']"
"Beverly Hills, 90210",1990–2000,6.5,35435,"['Shannen Doherty', 'Luke Perry', 'Jennie Garth']"
Steven Universe,2013–2020,8.2,35404,"['Deedee Magno', 'Michaela Dietz', 'Estelle']"
Last Man Standing,2011–2021,7.5,35394,"['Nancy Travis', 'Hector Elizondo', 'Christoph Sanders']"
Rizzoli & Isles,2010–2016,7.6,35281,"['Sasha Alexander', 'Jordan Bridges', 'Bruce McGill']"
Teenage Mutant Ninja Turtles,1987–1996,7.9,35170,"['Barry Gordon', 'Rob Paulsen', 'Townsend Coleman']"
Midsomer Murders,1997– ,7.9,35167,"['Jane Wymark', 'Barry Jackson', 'Neil Dudgeon']"
Star Trek: Strange New Worlds,2022– ,8.2,34902,"['Anson Mount', 'Ethan Peck', 'Jess Bush']"
The Cosby Show,1984–1992,7.4,34855,"['Phylicia Rashad', 'Keshia Knight Pulliam', 'Malcolm-Jamal Warner']"
Hey Arnold!,1996–2004,7.6,34733,"['Jamil Walker Smith', 'Dan Castellaneta', 'Justin Shenkarow']"
The Amazing World of Gumball,2011–2019,8.3,34716,"['Teresa Gallagher', 'Kerry Shale', 'Kyla Rae Kowalewski']"
Ally McBeal,1997–2002,6.9,34560,"['Greg Germann', 'Jane Krakowski', 'Vonda Shepard']"
Life,I) (2007–2009,8.3,34482,"['Sarah Shahi', 'Adam Arkin', 'Brent Sexton']"
The Righteous Gemstones,2019– ,8.1,34470,"['Danny McBride', 'Adam Devine', 'Edi Patterson']"
The Chosen,2017– ,9.3,34445,"['Jonathan Roumie', 'Paras Patel', 'Elizabeth Tabish']"
The Bugs Bunny Show,1960–1975,8.6,34438,"['June Foray', 'Daws Butler', 'Hal Smith']"
Rules of Engagement,2007–2013,7.3,34429,"['Megyn Price', 'Oliver Hudson', 'Bianca Kajlich']"
Mayor of Kingstown,2021– ,8.2,34342,"['Dianne Wiest', 'Hugh Dillon', 'Tobi Bamtefa']"
Teen Titans,2003–2006,7.9,34129,"['Greg Cipes', 'Scott Menville', 'Khary Payton']"
Party Down,2009– ,8.2,34100,"['Ken Marino', 'Ryan Hansen', 'Martin Starr']"
Superman & Lois,2021– ,7.8,34002,"['Elizabeth Tulloch', 'Alex Garfin', 'Erik Valdez']"
Modern Love,2019–2021,7.9,33981,"['Tina Fey', 'Andy Garcia', 'Dev Patel']"
Quantum Leap,1989–1993,8.2,33905,"['Dean Stockwell', 'Deborah Pratt', 'Dennis Wolfberg']"
Bored to Death,2009–2011,7.9,33872,"['Zach Galifianakis', 'Ted Danson', 'Heather Burns']"
Derek,2012–2014,8.1,33852,"['Kerry Godliman', 'David Earl', 'Tim Barlow']"
Into the Night,II) (2020– ,7.1,33603,"['Laurent Capelluto', 'Mehmet Kurtulus', 'Babetida Sadjo']"
Legacies,2018–2022,7.3,33472,"['Aria Shahghasemi', 'Quincy Fouse', 'Matthew Davis']"
Dark Angel,2000–2002,7.3,33447,"['Michael Weatherly', 'Richard Gunn', 'J.C. MacKenzie']"
The Mindy Project,2012–2017,7.5,33430,"['Ike Barinholtz', 'Ed Weeks', 'Chris Messina']"
Broad City,2014–2019,8.4,33389,"['Abbi Jacobson', 'Hannibal Buress', 'Arturo Castro']"
The Legend of Vox Machina,2022– ,8.4,33337,"['Taliesin Jaffe', 'Ashley Johnson', 'Matthew Mercer']"
Marcella,2016–2021,7.4,33274,"['Ray Panthaki', 'Jack Doolan', 'Jamie Bamber']"
Halt and Catch Fire,2014–2017,8.4,33274,"['Scoot McNairy', 'Mackenzie Davis', 'Kerry Bishé']"
DuckTales,1987–1990,8.1,33183,"['Russi Taylor', 'Terence McGovern', 'Chuck McCann']"
An Idiot Abroad,2010–2012,8.3,33167,"['Ricky Gervais', 'Stephen Merchant', 'Richard Yee']"
Poldark,2015–2019,8.3,33160,"['Eleanor Tomlinson', 'Jack Farthing', 'Beatie Edney']"
The Filthy Frank Show,2011–2017,9.2,33106,"['Artemis Holdenberry', 'Zeeq', 'Bloody Hairy']"
Living with Yourself,2019,7.2,33056,"['Aisling Bea', 'Ali Akbar Sepahi', 'Desmin Borges']"
Nathan for You,2013–2017,8.9,32917,"['Anthony Filosa', 'Salomon Flores', 'William Heath']"
The Recruit,2022– ,7.4,32719,"['Fivel Stewart', 'Laura Haddock', 'Aarti Mann']"
Spider-Man: The Animated Series,1994–1998,8.4,32704,"['Sara Ballantine', 'Edward Asner', 'Roscoe Lee Browne']"
Beavis and Butt-Head,1993–2011,7.5,32693,"['Kristofor Brown', 'Dale Revo', 'Tracy Grandstaff']"
Hacks,2021– ,8.2,32628,"['Hannah Einbinder', 'Carl Clemons-Hopkins', 'Mark Indelicato']"
Babylon 5,1993–1998,8.4,32544,"['Richard Biggs', 'Stephen Furst', 'Andreas Katsulas']"
The Society,2019,7.1,32465,"['Gideon Adlon', 'Sean Berdy', 'Natasha Liu Bordizzo']"
QI,2003– ,8.6,32452,"['Stephen Fry', 'Sandi Toksvig', 'Bill Bailey']"
Harley Quinn,2019– ,8.5,32445,"['Lake Bell', 'Alan Tudyk', 'Ron Funches']"
Suburgatory,2011–2014,7.2,32443,"['Jane Levy', 'Carly Chaikin', 'Allie Grant']"
The Boondocks,2005–2014,8.5,32310,"['John Witherspoon', 'Gary Anthony Williams', 'Cedric Yarbrough']"
Strike Back,2010–2020,8.1,32290,"['Sullivan Stapleton', 'Michelle Lukes', 'Daniel MacPherson']"
Lost Girl,2010–2016,7.6,31756,"['Kris Holden-Ried', 'Zoie Palmer', 'Rick Howland']"
Dragon Ball Super,2015–2018,8.3,31672,"['Naoki Tatsuta', 'Ryô Horikawa', 'Sean Schemmel']"
Black Summer,2019–2021,6.6,31648,"['Justin Chu Cary', 'Christine Lee', 'Zoe Marlett']"
I Am Groot,2022– ,6.7,31641,"['Fred Tatasciore', 'Kaitlyn Robrock', 'Terri Douglas']"
American Vandal,2017–2018,8.1,31626,"['Griffin Gluck', 'Jimmy Tatro', 'Travis Tope']"
Queen of the South,2016–2021,8,31480,"['Hemky Madera', 'Peter Gadiot', 'Veronica Falcón']"
Tokyo Vice,2022– ,8,31299,"['Ken Watanabe', 'Rachel Keller', 'Shô Kasamatsu']"
Pinky and the Brain,1995–1998,7.8,31274,"['Rob Paulsen', 'Tress MacNeille', 'Frank Welker']"
Anger Management,2012–2014,6.5,31263,"['Shawnee Smith', 'Noureen DeWulf', 'Michael Arden']"
Cursed,2020,5.9,31248,"['Devon Terrell', 'Gustaf Skarsgård', 'Daniel Sharman']"
Life on Mars,2006–2007,8.4,31147,"['Philip Glenister', 'Liz White', 'Dean Andrews']"
Dharma & Greg,1997–2002,6.4,31107,"['Thomas Gibson', 'Joel Murray', 'Mimi Kennedy']"
Lilyhammer,2012–2014,7.9,30755,"['Trond Fausa', 'Steinar Sagen', 'Marian Saastad Ottesen']"
Damages,2007–2012,8.1,30642,"['Rose Byrne', 'Tate Donovan', 'Zachary Booth']"
Keeping Up with the Kardashians,2007–2021,2.8,30579,"['Kim Kardashian', 'Kourtney Kardashian', 'Kris Jenner']"
Hercules: The Legendary Journeys,1995–1999,6.4,30518,"['Michael Hurst', 'Kevin Smith', 'Robert Trebor']"
The Order,2019–2020,6.7,30488,"['Sarah Grey', 'Adam DiMarco', 'Louriza Tronco']"
Covert Affairs,2010–2014,7.3,30374,"['Christopher Gorham', 'Kari Matchett', 'Peter Gallagher']"
Pose,2018–2021,8.6,30282,"['Dominique Jackson', 'Indya Moore', 'Angel Bismark Curiel']"
Man vs. Bee,2022,6.7,30061,"['Claudie Blakley', 'Jing Lusi', 'Julian Rhind-Tutt']"
Willow,2022–2023,5.6,30039,"['Ellie Bamber', 'Tony Revolori', 'Erin Kellyman']"
Insatiable,2018–2019,6.5,30027,"['Debby Ryan', 'Christopher Gorham', 'Kimmy Shields']"
The Deuce,2017–2019,8.1,29984,"['Maggie Gyllenhaal', 'Lawrence Gilliard Jr.', 'Margarita Levieva']"
Helix,2014–2015,6.7,29969,"['Kyra Zagorsky', 'Mark Ghanimé', 'Jordan Hayes']"
Kyle XY,2006–2009,7.5,29858,"['Marguerite MacIntyre', 'Bruce Thomas', 'April Matson']"
Roswell,1999–2002,7.5,29800,"['Jason Behr', 'Katherine Heigl', 'Majandra Delfino']"
The Good Fight,2017–2022,8.3,29736,"['Sarah Steele', 'Nyambi Nyambi', 'Michael Boatman']"
Dracula,2013–2014,7.3,29637,"['Jessica De Gouw', 'Thomas Kretschmann', 'Victoria Smurfit']"
The Exorcist,2016–2018,7.9,29502,"['Ben Daniels', 'Kurt Egyiawan', 'Hannah Kasulka']"
StartUp,2016–2018,7.8,29485,"['Edi Gathegi', 'Otmara Marrero', 'Kristen Ariza']"
Our Flag Means Death,2022– ,7.8,29419,"['Joel Fry', 'Samson Kayo', 'Nathan Foad']"
Kim Possible,2002–2007,7.2,29397,"['Will Friedle', 'Nancy Cartwright', 'Tahj Mowry']"
Invasion,2021– ,6,29378,"['Shamier Anderson', 'Shioli Kutsuna', 'Firas Nassar']"
Alphas,2011–2012,7.2,29346,"['Ryan Cartwright', 'Warren Christie', 'Azita Ghanizada']"
Spin City,1996–2002,7.3,29275,"['Charlie Sheen', 'Heather Locklear', 'Richard Kind']"
Medium,2005–2011,7.1,29173,"['Miguel Sandoval', 'Jake Weber', 'Sofia Vassilieva']"
The Fosters,2013–2018,8,28954,"['Sherri Saum', 'Hayden Byerly', 'David Lambert']"
And Just Like That...,2021– ,5.7,28865,"['Cynthia Nixon', 'Kristin Davis', 'Sara Ramirez']"
Outer Range,2022– ,7.1,28846,"['Imogen Poots', 'Lili Taylor', 'Tom Pelphrey']"
Cold Case,2003–2010,7.6,28836,"['Danny Pino', 'John Finn', 'Jeremy Ratchford']"
Baywatch,1989–2001,5.4,28675,"['Pamela Anderson', 'Yasmine Bleeth', 'Jeremy Jackson']"
Batman Beyond,1999–2001,8.1,28594,"['Kevin Conroy', 'Lauren Tom', 'Cree Summer']"
Victoria,2016–2019,8.2,28585,"['Adrian Schiller', 'Tommy Knight', 'Jordan Waller']"
The Resident,2018– ,7.8,28554,"['Manish Dayal', 'Bruce Greenwood', 'Malcolm-Jamal Warner']"
Counterpart,2017–2019,8,28540,"['Olivia Williams', 'Harry Lloyd', 'Nazanin Boniadi']"
Evil,2019– ,7.7,28502,"['Mike Colter', 'Aasif Mandvi', 'Michael Emerson']"
Family Matters,1989–1998,6.6,28463,"['Jaleel White', 'Kellie Shanygne Williams', 'Darius McCrary']"
The Carrie Diaries,2013–2014,7,28373,"['Austin Butler', 'Ellen Wong', 'Katie Findlay']"
SEAL Team,2017– ,7.8,28367,"['Neil Brown Jr.', 'A.J. Buckley', 'Toni Trucks']"
My Wife and Kids,2001–2005,6.9,28356,"['Tisha Campbell', 'George Gore II', 'Parker McKenna Posey']"
Endeavour,2012–2023,8.6,28308,"['Roger Allam', 'James Bradshaw', 'Sean Rigby']"
Las Vegas,2003–2008,7.4,28307,"['James Caan', 'James Lesure', 'Vanessa Marcil']"
Fuller House,2016–2020,6.7,28231,"['Jodie Sweetin', 'Fox Messitt', 'Andrea Barber']"
Call the Midwife,2012– ,8.6,28218,"['Laura Main', 'Jenny Agutter', 'Stephen McGann']"
Nurse Jackie,2009–2015,7.8,28071,"['Merritt Wever', 'Paul Schulze', 'Dominic Fumusa']"
Mythic Quest,2020– ,7.7,28046,"['Charlotte Nicdao', 'Ashly Burch', 'Jessie Ennis']"
Pieces of Her,2022– ,6.3,28021,"['Bella Heathcote', 'Jessica Barden', 'Joe Dempsie']"
The Missing,2014–2016,8.2,28011,"['Anastasia Hille', 'James Nesbitt', ""Frances O'Connor""]"
Vice Principals,2016–2018,8,27900,"['Walton Goggins', 'Sheaun McKinney', 'Georgia King']"
Warrior,2019– ,8.4,27798,"['Olivia Cheng', 'Jason Tobin', 'Dianne Doan']"
First Kill,2022,6.5,27753,"['Imani Lewis', 'Elizabeth Mitchell', 'Aubin Wise']"
Miami Vice,1984–1989,7.5,27666,"['Philip Michael Thomas', 'Saundra Santiago', 'Olivia Brown']"
Top Boy,2011– ,8.4,27613,"['Kano', 'Micheal Ward', 'Jasmine Jobson']"
Rise of Empires: Ottoman,2020–2022,7.9,27604,"['Tuba Büyüküstün', 'Alp Ilkman', 'Ushan Çakir']"
The L Word,I) (2004–2009,7.7,27559,"['Leisha Hailey', 'Laurel Holloman', 'Mia Kirshner']"
Southland,2009–2013,8.5,27501,"['Shawn Hatosy', 'Regina King', 'Ben McKenzie']"
Inhumans,2017,4.9,27500,"['Serinda Swan', 'Ken Leung', 'Eme Ikwuakor']"
I Love Lucy,1951–1957,8.5,27397,"['Desi Arnaz', 'Vivian Vance', 'William Frawley']"
1923,2022–2023,8.5,27377,"['Helen Mirren', 'Brandon Sklenar', 'Julia Schlaepfer']"
Masters of the Universe: Revelation,2021,5.4,27295,"['Lena Headey', 'Mark Hamill', 'Tiffany Smith']"
Private Practice,2007–2013,6.8,27244,"['Paul Adelstein', 'KaDee Strickland', 'Taye Diggs']"
Star Wars: Clone Wars,2003–2005,7.8,27153,"['James Arnold Taylor', 'André Sogliuzzo', 'Grey Griffin']"
Runaways,2017–2019,6.9,27125,"['Lyrica Okano', 'Virginia Gardner', 'Ariela Barer']"
Rescue Me,2004–2011,8.3,26973,"['Michael Lombardi', 'Steven Pasquale', 'Andrea Roth']"
You're the Worst,2014–2019,8.1,26943,"['Aya Cash', 'Desmin Borges', 'Kether Donohue']"
The Closer,2005–2012,7.8,26901,"['J.K. Simmons', 'Corey Reynolds', 'Robert Gossett']"
"Magnum, P.I.",1980–1988,7.5,26871,"['John Hillerman', 'Roger E. Mosley', 'Larry Manetti']"
Harper's Island,2009,7.4,26832,"['Christopher Gorham', 'Matt Barr', 'Gina Holden']"
Rectify,2013–2016,8.3,26766,"['Abigail Spencer', 'J. Smith-Cameron', 'Adelaide Clemens']"
The Midnight Club,2022,6.5,26739,"['Igby Rigney', 'Sadoc Vazkez', 'Ruth Codd']"
Chicago Med,2015– ,7.6,26714,"['Marlyne Barrett', 'S. Epatha Merkerson', 'Oliver Platt']"
Inside Look: The People v. O.J. Simpson - American Crime Story,2016,8.4,26662,"['Sterling K. Brown', 'Nina Jacobson', 'Brad Simpson']"
Better Off Ted,2009–2010,8.2,26612,"['Portia de Rossi', 'Andrea Anders', 'Jonathan Slavin']"
Mike & Molly,2010–2016,6.5,26602,"['Melissa McCarthy', 'Reno Wilson', 'Katy Mixon']"
Firefly Lane,2021–2023,7.4,26581,"['Sarah Chalke', 'Ben Lawson', 'Ali Skovbye']"
Victorious,2010–2013,7,26571,"['Leon Thomas III', 'Matt Bennett', 'Elizabeth Gillies']"
The Venture Bros.,2003–2018,8.6,26560,"['James Urbaniak', 'Doc Hammer', 'Michael Sinterniklaas']"
Witches of East End,2013–2014,7.5,26551,"['Jenna Dewan', 'Rachel Boston', 'Mädchen Amick']"
Future Man,2017–2020,7.7,26525,"['Eliza Coupe', 'Derek Wilson', 'Haley Joel Osment']"
The World at War,1973–1974,9.2,26520,"['Averell Harriman', 'Albert Speer', 'Anthony Eden']"
Recess,1997–2001,7.9,26404,"['Ashley Johnson', 'Jason Davis', ""Rickey D'Shon Collins""]"
Jackass,2000–2007,7.3,26395,"['Bam Margera', 'Chris Pontius', 'Dave England']"
Fresh Off the Boat,2015–2020,7.8,26355,"['Constance Wu', 'Hudson Yang', 'Forrest Wheeler']"
Nashville,2012–2018,7.7,26341,"['Clare Bowen', 'Charles Esten', 'Jonathan Jackson']"
The Event,2010–2011,7,26327,"['Sarah Roemer', 'Ian Anthony Dale', 'Zeljko Ivanek']"
Law & Order: Criminal Intent,2001–2011,7.5,26295,"[""Vincent D'Onofrio"", 'Jamey Sheridan', 'Courtney B. Vance']"
Black Lightning,2017–2021,6.1,26151,"['Nafessa Williams', 'Christine Adams', 'Marvin Jones III']"
8 Simple Rules,2002–2005,7,26128,"['Kaley Cuoco', 'Amy Davidson', 'Martin Spanjers']"
Swamp Thing,2019,7.4,26096,"['Virginia Madsen', 'Andy Bean', 'Derek Mears']"
Being Human,2011–2014,7.5,26085,"['Meaghan Rath', 'Sam Huntington', 'Kristen Hager']"
7th Heaven,1996–2007,5.2,26076,"['Catherine Hicks', 'Jessica Biel', 'Beverley Mitchell']"
Solar Opposites,2020– ,8,26073,"['Sean Giambrone', 'Mary Mack', 'Sagan McMahan']"
"Murder, She Wrote",1984–1996,7.1,25982,"['William Windom', 'Ron Masak', 'Louis Herthum']"
Daria,1997–2002,8.1,25940,"['Wendy Hoopes', 'Julian Rebolledo', 'John Lynn']"
'Allo 'Allo!,1982–1992,8.4,25936,"['Carmen Silvera', 'Vicki Michelle', 'Richard Marner']"
The Mist,2017,5.4,25915,"['Alyssa Sutherland', 'Gus Birney', 'Danica Curcic']"
Why Women Kill,2019–2021,8.3,25827,"['Lucy Liu', 'Allison Tolman', 'Ginnifer Goodwin']"
Aqua Teen Hunger Force,2000–2015,7.7,25805,"['Carey Means', 'Dana Snyder', 'Matt Maiellaro']"
Survivor,2000– ,7.5,25785,"['Lillian Morris', 'Jon Dalton', 'Rob Mariano']"
Dear White People,2017–2021,6.3,25782,"['Brandon P Bell', 'DeRon Horton', 'Antoinette Robertson']"
The Gilded Age,2022– ,8,25752,"['Celia Keenan-Bolger', 'Debra Monk', ""Kelli O'Hara""]"
Being Human,2008–2013,7.8,25745,"['Russell Tovey', 'Aidan Turner', 'Sinéad Keenan']"
House of Lies,2012–2016,7.4,25729,"['Kristen Bell', 'Ben Schwartz', 'Josh Lawson']"
The Dark Crystal: Age of Resistance,2019,8.4,25666,"['Beccy Henderson', 'Nathalie Emmanuel', 'Taron Egerton']"
S.W.A.T.,2017– ,7.1,25613,"['Jay Harrington', 'Alex Russell', 'Kenny Johnson']"
Caprica,2009–2010,7.1,25611,"['Esai Morales', 'Paula Malcomson', 'Alessandra Torresani']"
The Nevers,2021–2023,7.4,25577,"['Ann Skelly', 'Olivia Williams', 'James Norton']"
Sex/Life,2021– ,5.5,25462,"['Mike Vogel', 'Adam Demos', 'Margaret Odette']"
Switched at Birth,2011–2017,7.7,25447,"['Vanessa Marano', 'Constance Marie', 'D.W. Moffett']"
Homecoming,2018–2020,7.4,25414,"['Bobby Cannavale', 'Hong Chau', 'Alex Karpovsky']"
Tales from the Crypt,1989–1996,8,25324,"['Roy Brocksmith', 'Miguel Ferrer', 'Cam Clarke']"
Permanent Roommates,2014–2016,8.6,25315,"['Nidhi Singh', 'Deepak Kumar Mishra', 'Shishir Sharma']"
From,2022– ,7.6,25291,"['Harold Perrineau', 'Catalina Sandino Moreno', 'Eion Bailey']"
Zoo,2015–2017,6.6,25257,"['Kristen Connolly', 'Nonso Anozie', 'Billy Burke']"
Mozart in the Jungle,2014–2018,8.1,25221,"['Lola Kirke', 'Saffron Burrows', 'Hannah Dunne']"
The Muppet Show,1976–1981,8.4,25163,"['Frank Oz', 'Richard Hunt', 'Dave Goelz']"
Letterkenny,2016– ,8.7,25079,"['Nathan Dales', 'Michelle Mylett', 'K. Trevor Wilson']"
Top Gear,1978–2002,8.4,25028,"['Jeremy Clarkson', 'Quentin Willson', 'William Woollard']"
Tales of the Jedi,2022– ,8.2,25015,"['Ashley Eckstein', 'Dee Bradley Baker', 'Ian McDiarmid']"
Mystery Science Theater 3000,1988–1999,8.7,25014,"['Michael J. Nelson', 'Trace Beaulieu', 'Kevin Murphy']"
Unforgotten,2015– ,8.3,24987,"['Jordan Long', 'Nicola Walker', 'Lewis Reeves']"
Lois & Clark: The New Adventures of Superman,1993–1997,6.7,24937,"['Teri Hatcher', 'Lane Smith', 'K Callan']"
Little Britain,2003–2006,7.7,24937,"['David Walliams', 'Tom Baker', 'Paul Putner']"
Away,2020,6.6,24693,"['Josh Charles', 'Vivian Wu', 'Ray Panthaki']"
The Dragon Prince,2018– ,8.3,24680,"['Jack De Sena', 'Sasha Rojen', 'Jason Simpson']"
Greek,2007–2011,7.6,24680,"['Scott Michael Foster', 'Spencer Grammer', 'Paul James']"
The Grim Adventures of Billy & Mandy,2001–2007,7.7,24650,"['Richard Steven Horvitz', 'Grey Griffin', 'Vanessa Marshall']"
Moonlight,2007–2008,7.6,24639,"['Sophia Myles', 'Jason Dohring', 'Shannyn Sossamon']"
Reaper,2007–2009,7.8,24585,"['Tyler Labine', 'Rick Gonzalez', 'Missy Peregrym']"
Brothers & Sisters,2006–2011,7.4,24528,"['Calista Flockhart', 'Rachel Griffiths', 'Ron Rifkin']"
Devious Maids,2013–2016,7.8,24514,"['Dania Ramirez', 'Roselyn Sanchez', 'Judy Reyes']"
Animaniacs,1993–1998,7.9,24507,"['Jess Harnell', 'Tress MacNeille', 'Frank Welker']"
Little House on the Prairie,1974–1983,7.5,24497,"['Michael Landon', 'Karen Grassle', 'Rachel Lindsay Greenbush']"
Conan,2010–2021,8.2,24495,"['Andy Richter', 'Jimmy Vivino and the Basic Cable Band', 'Jimmy Vivino']"
Studio 60 on the Sunset Strip,2006–2007,8.3,24483,"['Amanda Peet', 'Bradley Whitford', 'Steven Weber']"
Salem,2014–2017,7.1,24449,"['Shane West', 'Seth Gabel', 'Tamzin Merchant']"
Extant,2014–2015,6.5,24412,"['Pierce Gagnon', 'Grace Gummer', 'Tyler Hilton']"
The Thick of It,2005–2012,8.7,24344,"['James Smith', 'Peter Capaldi', 'Joanna Scanlan']"
United States of Tara,2009–2011,8,24339,"['John Corbett', 'Rosemarie DeWitt', 'Keir Gilchrist']"
Camelot,2011,6.5,24249,"['Jamie Campbell Bower', 'Tamsin Egerton', 'Peter Mooney']"
Inside Job,2021–2022,7.7,24226,"['Christian Slater', 'Clark Duke', 'Tisha Campbell']"
Black-ish,2014–2022,7.3,24193,"['Tracee Ellis Ross', 'Marcus Scribner', 'Miles Brown']"
Vinyl,2016,7.7,24131,"['Paul Ben-Victor', 'P.J. Byrne', 'Max Casella']"
Mad About You,1992–2019,6.7,24102,"['Helen Hunt', 'John Pankow', 'Leila Kenzle']"
Madam Secretary,2014–2019,7.7,24069,"['Tim Daly', 'Erich Bergen', 'Zeljko Ivanek']"
Delhi Crime,2019– ,8.5,24032,"['Rajesh Tailang', 'Rasika Dugal', 'Anurag Arora']"
Younger,2015–2021,7.8,24029,"['Hilary Duff', 'Debi Mazar', 'Nico Tortorella']"
Batman,1966–1968,7.5,23972,"['Burt Ward', 'Alan Napier', 'Neil Hamilton']"
Jersey Shore,2009–2012,3.8,23953,"[""Sammi 'Sweetheart' Giancola"", 'Nicole Polizzi', ""Mike 'The Situation' Sorrentino""]"
Dominion,2014–2015,6.7,23912,"['Tom Wisdom', 'Roxanne McKee', 'Luke Allen-Gale']"
The Sex Lives of College Girls,2021– ,7.8,23839,"['Amrit Kaur', 'Reneé Rapp', 'Alyah Chanelle Scott']"
CatDog,1998–2005,6.5,23825,"['Tom Kenny', 'Carlos Alazraqui', 'Billy West']"
The Ren & Stimpy Show,1991–1996,7.5,23678,"['Billy West', 'Harris Peet', 'Bob Camp']"
Wynonna Earp,2016–2021,7.3,23578,"['Tim Rozon', 'Dominique Provost-Chalkley', 'Katherine Barrell']"
Death in Paradise,2011– ,7.8,23490,"['Don Warrington', 'Danny John-Jules', 'Tobi Bakare']"
Dynasty,2017–2022,7.3,23458,"['Rafael de la Fuente', 'Robert Christopher Riley', 'Sam Adegoke']"
The Politician,2019–2020,7.5,23408,"['Zoey Deutch', 'Lucy Boynton', 'Julia Schlaepfer']"
The Librarians,2014–2018,7.2,23348,"['Christian Kane', 'Lindy Booth', 'John Harlan Kim']"
Mr. Mercedes,2017–2019,7.8,23324,"['Holland Taylor', 'Jharrel Jerome', 'Breeda Wool']"
I May Destroy You,2020,8.1,23308,"['Weruche Opia', 'Paapa Essiedu', 'Stephen Wight']"
Key and Peele,2012–2015,8.3,23281,"['Jordan Peele', 'Metta World Peace', 'Brendan Hunt']"
Foster's Home for Imaginary Friends,2004–2009,7.6,23220,"['Grey Griffin', 'Candi Milo', 'Tom Kenny']"
Salvation,2017–2018,6.9,23193,"['Jennifer Finnigan', 'Charlie Rowe', 'Jacqueline Byers']"
Mighty Morphin Power Rangers,1993–1996,6.5,23129,"['David Yost', 'Ed Neil', 'Paul Schrier']"
Abbott Elementary,2021– ,8.2,23125,"['Tyler James Williams', 'Janelle James', 'Lisa Ann Walter']"
Tyrant,2014–2016,7.7,23118,"['Jennifer Finnigan', 'Ashraf Barhom', 'Moran Atias']"
Trapped,2015– ,8,23083,"['Ilmur Kristjánsdóttir', 'Björn Hlynur Haraldsson', 'Guðjón Pedersen']"
The Wilds,2020–2022,7.3,23033,"['Sophia Ali', 'Shannon Berry', 'Jenna Clause']"
The Mighty Boosh,2003–2007,8.4,23030,"['Noel Fielding', 'Michael Fielding', 'Rich Fulcher']"
Van Helsing,2016–2021,6.2,23015,"['Jonathan Scarfe', 'Aleks Paunovic', 'Rukiya Bernard']"
Big Sky,2020– ,6.8,23006,"['Kylie Bunbury', 'Dedee Pfeiffer', 'J. Anthony Pena']"
Hustle,2004–2012,8.2,22996,"['Robert Vaughn', 'Rob Jarvis', 'Adrian Lester']"
Crashing,2016,7.6,22980,"['Jonathan Bailey', 'Julie Dray', 'Louise Ford']"
The Get Down,2016–2017,8.2,22968,"['Shameik Moore', 'Herizen F. Guardiola', 'Skylan Brooks']"
Transparent,2014–2019,7.8,22962,"['Amy Landecker', 'Gaby Hoffmann', 'Jay Duplass']"
A League of Their Own,2022– ,7.5,22949,"['Chanté Adams', ""D'Arcy Carden"", 'Gbemisola Ikumelo']"
Wentworth,2013–2021,8.6,22928,"['Katrina Milosevic', 'Robbie Magasiva', 'Jacquie Brennan']"
The Gift,2019–2021,7,22877,"['Mehmet Günsür', 'Melisa Senolsun', 'Metin Akdülger']"
The Adventures of Sherlock Holmes,1984–1985,8.7,22873,"['David Burke', 'Rosalie Williams', 'Eric Porter']"
Man vs. Wild,2006–2020,8.2,22863,"['Will Ferrell', 'Sean Lacoste', 'Joe Rest']"
The Musketeers,2014–2016,7.8,22842,"['Tom Burke', 'Santiago Cabrera', 'Howard Charles']"
That '90s Show,2023– ,6.4,22828,"['Debra Jo Rupp', 'Callie Haverda', 'Ashley Aufderheide']"
Good Luck Charlie,2010–2014,7.1,22824,"['Leigh-Allyn Baker', 'Bradley Steven Perry', 'Mia Talerico']"
Bad Sisters,2022– ,8.3,22738,"['Claes Bang', 'Eve Hewson', 'Sarah Greene']"
American Horror Stories,2021– ,6.2,22727,"['Paris Jackson', 'Merrin Dungey', 'Selena Sloan']"
Killjoys,2015–2019,7.2,22702,"['Aaron Ashmore', 'Luke Macfarlane', 'Tamsen McDonough']"
Dirty John,2018– ,7.2,22630,"['Christian Slater', 'Eric Bana', 'Amanda Peet']"
Bewitched,1964–1972,7.6,22608,"['Dick York', 'Dick Sargent', 'Agnes Moorehead']"
The Transformers,1984–1987,8,22522,"['Peter Cullen', 'Corey Burton', 'Christopher Collins']"
The Bold Type,2017–2021,7.8,22463,"['Aisha Dee', 'Meghann Fahy', 'Melora Hardin']"
Chucky,2021– ,7.3,22461,"['Bjorgvin Arnarson', 'Alyvia Alyn Lind', 'Brad Dourif']"
Hung,2009–2011,7.2,22457,"['Jane Adams', 'Charlie Saxton', 'Sianoa Smit-McPhee']"
"The Adventures of Jimmy Neutron, Boy Genius",2002–2006,6.7,22399,"['Jeffrey Garcia', 'Rob Paulsen', 'Carolyn Lawrence']"
Ben 10,2005–2008,7.4,22393,"['Paul Eiding', 'Meagan Moore', 'Dee Bradley Baker']"
Big Love,2006–2011,7.7,22368,"['Jeanne Tripplehorn', 'Chloë Sevigny', 'Ginnifer Goodwin']"
TURN: Washington's Spies,2014–2017,8.1,22354,"['Heather Lind', 'Samuel Roukin', 'Daniel Henshall']"
The Unit,2006–2009,8,22309,"['Regina Taylor', 'Audrey Marie Anderson', 'Robert Patrick']"
Teen Titans Go!,2013– ,5.4,22276,"['Khary Payton', 'Scott Menville', 'Tara Strong']"
Frontier,2016–2018,7.1,22270,"['Landon Liboiron', 'Zoe Boyle', 'Greg Bryk']"
Fortitude,2015–2018,7.3,22246,"['Björn Hlynur Haraldsson', 'Sienna Guillory', 'Mia Jexen']"
Vigil,2021– ,7.4,22243,"['Rose Leslie', 'Shaun Evans', 'Paterson Joseph']"
Poker Face,2023– ,8,22228,"['Benjamin Bratt', 'Simon Helberg', 'Pedro Hollywood']"
The Jetsons,1962–1963,7,22220,"['Janet Waldo', 'Mel Blanc', 'Penny Singleton']"
Time,2021– ,8.2,22072,"['Stephen Graham', 'James Nelson-Joyce', 'Hannah Walters']"
Yu-Gi-Oh!,I) (2000–2006,7.3,22004,"['Dan Green', 'Wayne Grayson', 'Amy Birnbaum']"
MacGyver,2016–2021,5.3,22003,"['Tristin Mays', 'Justin Hires', 'Meredith Eaton']"
The Summer I Turned Pretty,2022– ,7.4,21979,"['Jackie Chung', 'Rachel Blanchard', 'Christopher Briney']"
Portlandia,2011–2018,7.8,21916,"['Carrie Brownstein', 'Kyle MacLachlan', 'Sam Adams']"
Inspector Gadget,1983–1986,6.7,21889,"['Holly Berger', 'Frank Welker', 'Luc Durand']"
American Idol,2002– ,4.2,21882,"['Mark Thompson', 'Randy Jackson', 'Simon Cowell']"
Friends from College,2017–2019,6.9,21868,"['Cobie Smulders', 'Annie Parisse', 'Nat Faxon']"
Perception,2012–2015,7.5,21868,"['Rachael Leigh Cook', 'Kelly Rowan', 'Arjay Smith']"
Last Resort,I) (2012–2013,7.3,21826,"['Scott Speedman', 'Daisy Betts', 'Camille De Pazzis']"
Harry & Meghan,2022,4.9,21822,"['Prince Harry', 'Doria Ragland', 'David Olusoga']"
Invader ZIM,2001–2006,8.4,21819,"['Richard Steven Horvitz', 'Rikki Simons', 'Melissa Fahn']"
Royal Pains,2009–2016,7.1,21769,"['Paulo Costanzo', 'Reshma Shetty', ""Brooke D'Orsay""]"
Sanctuary,2008–2011,7.3,21717,"['Robin Dunne', 'Christopher Heyerdahl', 'Ryan Robbins']"
Prodigal Son,2019–2021,7.7,21701,"['Lou Diamond Phillips', 'Halston Sage', 'Aurora Perrineau']"
Ripper Street,2012–2016,8.1,21679,"['Adam Rothenberg', 'MyAnna Buring', 'Jerome Flynn']"
Perry Mason,2020– ,7.6,21621,"['Shea Whigham', 'Eric Lange', 'Juliet Rylance']"
Moonlighting,1985–1989,7.6,21610,"['Bruce Willis', 'Allyce Beasley', 'Curtis Armstrong']"
Hell's Kitchen,2005– ,7.1,21578,"['Jean Philippe Susilovic', 'Scott Leibfried', 'Jason Thompson']"
My Little Pony: Friendship Is Magic,2010–2020,7.7,21534,"['Tara Strong', 'Tabitha St. Germain', 'Andrea Libman']"
Undone,2019– ,8.2,21529,"['Angelique Cabral', 'Constance Marie', 'Bob Odenkirk']"
Daybreak,I) (2019,6.7,21472,"['Alyvia Alyn Lind', 'Sophie Simnett', 'Austin Crute']"
Queer as Folk,II) (1999–2005,8.5,21416,"['Hal Sparks', 'Randy Harrison', 'Michelle Clunie']"
RuPaul's Drag Race,2009– ,8.5,21320,"['Michelle Visage', 'Jason Carter', 'Ross Mathews']"
Winning Time: The Rise of the Lakers Dynasty,2022– ,8.3,21286,"['Quincy Isaiah', 'Jason Clarke', 'Gaby Hoffmann']"
Crazy Ex-Girlfriend,2015–2019,7.8,21251,"['Donna Lynne Champlin', 'Vincent Rodriguez III', 'Pete Gardner']"
The Midnight Gospel,2020,8.2,21235,"['Duncan Trussell', 'Joey Diaz', 'Doug Lussenhop']"
Codename: Kids Next Door,2002–2008,7.2,21216,"['Dee Bradley Baker', 'Lauren Tom', 'Cree Summer']"
Reno 911!,2003– ,7.9,21207,"['Cedric Yarbrough', 'Robert Ben Garant', 'Kerri Kenney']"
Awake,2012,7.9,21187,"['Laura Allen', 'Steve Harris', 'Dylan Minnette']"
Cloak & Dagger,2018–2019,6.6,21179,"['Aubrey Joseph', 'Gloria Reuben', 'Emma Lahana']"
Gavin & Stacey,2007–2019,8.2,21176,"['Mathew Horne', 'Alison Steadman', 'Ruth Jones']"
My So-Called Life,1994–1995,8.4,21175,"['Wilson Cruz', 'Claire Danes', 'Devon Gummersall']"
Everything Sucks!,2018,7.5,21165,"['Peyton Kennedy', 'Patch Darragh', 'Claudine Mboligikpelani Nako']"
Lovesick,2014–2018,8,21145,"['Antonia Thomas', 'Daniel Ings', 'Joshua McGuire']"
Knightfall,2017–2019,6.8,21050,"['Pádraic Delaney', 'Simon Merrells', 'Julian Ovenden']"
I'm Alan Partridge,1997–2002,8.6,21037,"['Simon Greenall', 'Felicity Montagu', 'Phil Cornwell']"
Rocko's Modern Life,1993–1996,7.9,20957,"['Tom Kenny', 'Charlie Adler', 'Mr. Lawrence']"
From Dusk Till Dawn: The Series,2014–2016,6.8,20915,"['Zane Holtz', 'Jesse Garcia', 'Eiza González']"
Avenue 5,2020–2022,6.6,20904,"['Josh Gad', 'Zach Woods', 'Rebecca Front']"
Baby Daddy,2012–2017,7.3,20892,"['Derek Theler', 'Melissa Peterman', 'Chelsea Kane']"
Ringer,2011–2012,6.9,20891,"['Kristoffer Polaha', 'Ioan Gruffudd', 'Nestor Carbonell']"
Them,2021– ,7.4,20861,"['Ashley Thomas', 'Shahadi Wright Joseph', 'Alison Pill']"
Ghosts,2021– ,7.9,20842,"['Utkarsh Ambudkar', 'Brandon Scott Jones', 'Richie Moriarty']"
Cow and Chicken,1997–1999,6.6,20840,"['Candi Milo', 'Dee Bradley Baker', 'Michael Dorn']"
Just Shoot Me!,1997–2003,6.9,20770,"['Enrico Colantoni', 'George Segal', 'Wendie Malick']"
I Know This Much Is True,2020,8.1,20756,"['John Procaccino', 'Rob Huebel', 'Gabe Fazio']"
Bull,2016–2022,7.1,20749,"['Geneva Carr', 'Jaime Lee Kirchner', 'Chris Jackson']"
Drawn Together,2004–2007,7.1,20739,"['Jess Harnell', 'Abbey McBride', 'Jack Plotnick']"
Catastrophe,2015–2019,8.2,20710,"['Rob Delaney', 'Mark Bonnar', 'Ashley Jensen']"
Without a Trace,2002–2009,7,20699,"['Poppy Montgomery', 'Enrique Murciano', 'Eric Close']"
C.B. Strike,2017– ,7.9,20668,"['Holliday Grainger', 'Kerr Logan', 'Jack Greenlees']"
That's So Raven,2003–2007,6.6,20554,"['Orlando Brown', 'Anneliese van der Pol', 'Kyle Massey']"
The Rehearsal,2022– ,8.6,20546,"['Journey Baker', 'Anna Lamadrid', 'Sawyer J. Bell']"
Dash & Lily,2020,7.5,20520,"['Midori Francis', 'Dante Brown', 'Troy Iwata']"
Doctor Foster: A Woman Scorned,2015–2017,7.6,20519,"['Bertie Carvel', 'Tom Taylor', 'Thusitha Jayasundera']"
Paradise PD,2018–2022,6.8,20514,"['Tom Kenny', 'Kyle Kinane', 'Cedric Yarbrough']"
The Addams Family,1964–1966,8,20455,"['Carolyn Jones', 'Jackie Coogan', 'Ted Cassidy']"
Chip 'n' Dale Rescue Rangers,1989–1990,7.6,20439,"['Corey Burton', 'Jim Cummings', 'Peter Cullen']"
Absolutely Fabulous,1992–2012,8.2,20437,"['Joanna Lumley', 'Julia Sawalha', 'June Whitfield']"
The Secret Life of the American Teenager,2008–2013,4.9,20406,"['Molly Ringwald', 'India Eisley', 'Mark Derwin']"
Tales from the Loop,2020,7.4,20387,"['Paul Schneider', 'Rebecca Hall', 'Robert Nahum']"
Dave,2020– ,8.3,20353,"['Andrew Santino', 'Gata', 'Taylor Misiak']"
How I Met Your Father,2022– ,5.5,20281,"['Christopher Lowell', 'Francia Raisa', 'Suraj Sharma']"
Jackie Chan Adventures,2000–2005,7.4,20278,"['James Sie', 'Stacie Chan', 'Sab Shimono']"
Drop Dead Diva,2009–2014,7.5,20231,"['Margaret Cho', 'Kate Levering', 'April Bowlby']"
Go On,2012–2013,7.5,20227,"['Laura Benanti', 'Julie White', 'Suzy Nakamura']"
Dota: Dragon's Blood,2021– ,7.8,20217,"['Lara Pulver', 'Troy Baker', 'Freya Tingley']"
Snowfall,2017–2023,8.2,20198,"['Carter Hudson', 'Isaiah John', 'Amin Joseph']"
Medici,2016–2019,7.9,20189,"['Alessandra Mastronardi', 'Synnove Karlsen', 'Sebastian De Souza']"
Pan Am,2011–2012,7,20181,"['Margot Robbie', 'Michael Mosley', 'Karine Vanasse']"
Tehran,2020– ,7.6,20153,"['Shaun Toub', 'Shervin Alenabi', 'Shila Ommi']"
Shetland,2013– ,8.2,20145,"['Steven Robertson', 'Douglas Henshall', 'Lewis Howden']"
Mr Inbetween,2018–2021,8.6,20134,"['Chika Yasumura', 'Justin Rosniak', 'Damon Herriman']"
Unforgettable,2011–2016,6.8,20134,"['Dylan Walsh', 'James Hiroyuki Liao', 'Jane Curtin']"
Dinosaurs,1991–1994,7.5,20105,"['Allan Trautman', 'Jessica Walter', 'Leif Tilden']"
Looking,2014–2015,8.2,20067,"['Frankie J. Alvarez', 'Murray Bartlett', 'Lauren Weedman']"
Kim's Convenience,2016–2021,8.2,20047,"['Jean Yoon', 'Andrea Bang', 'Simu Liu']"
Mayans M.C.,2018– ,7.6,19968,"['Clayton Cardenas', 'Michael Irby', 'Carla Baratta']"
The Penguins of Madagascar,2008–2015,7.5,19938,"['Tom McGrath', 'Jeff Bennett', 'James Patrick Stuart']"
Shrinking,2023– ,8,19917,"['Jessica Williams', 'Harrison Ford', 'Luke Tennie']"
The Suite Life on Deck,2008–2011,6.3,19893,"['Cole Sprouse', 'Brenda Song', 'Debby Ryan']"
Sweet Magnolias,2020– ,7.3,19788,"['JoAnna Garcia Swisher', 'Brooke Elliott', 'Heather Headley']"
The Capture,2019– ,7.9,19760,"['Ben Miles', 'Lia Williams', 'Cavan Clerkin']"
Vikingane,2016–2020,7.7,19756,"['Nils Jørgen Kaalstad', 'Jon Øigarden', 'Bjørn Myrene']"
The Pink Panther Show,1969–2011,7.6,19747,"['Larry D. Mann', 'Rich Little', 'Paul Frees']"
Intelligence,2014,6.8,19722,"['Meghan Ory', 'John Billingsley', 'P.J. Byrne']"
Caliphate,2020,8.2,19716,"['Amed Bozan', 'Aliette Opheim', 'Albin Grenholm']"
Lizzie McGuire,2001–2004,6.6,19697,"['Adam Lamberg', 'Robert Carradine', 'Lalaine']"
Insecure,2016–2021,8,19640,"['Yvonne Orji', 'Jay Ellis', 'Natasha Rothwell']"
Happy Days,1974–1984,7.4,19617,"['Henry Winkler', 'Marion Ross', 'Tom Bosley']"
The Bridge,I) (2013–2014,7.6,19614,"['Diane Kruger', 'Thomas M. Wright', 'Ted Levine']"
Friday Night Dinner,2011–2020,8.1,19606,"['Simon Bird', 'Paul Ritter', 'Tom Rosenthal']"
The Eric Andre Show,2012– ,8.6,19592,"['Hannibal Buress', 'Tom Ato', 'Early McCalister']"
Criminal: UK,2019–2020,7.6,19587,"['Lee Ingleby', 'Rochenda Sandall', 'Shubham Saraf']"
Bosch: Legacy,2022– ,8.5,19567,"['Titus Welliver', 'Mimi Rogers', 'Madison Lintz']"
Night Sky,2022,7.4,19562,"['J.K. Simmons', 'Chai Hansen', 'Kiah McKirnan']"
Star Trek: Lower Decks,2020– ,7.5,19560,"['Jack Quaid', 'Noël Wells', 'Eugene Cordero']"
Star Wars: Visions,2021– ,7,19508,"['Neil Kaplan', 'Adam Sietz', 'JP Karliak']"
Queer Eye,2018– ,8.5,19473,"['Antoni Porowski', 'Jonathan Van Ness', 'Karamo Brown']"
FBI,2018– ,7,19445,"['Zeeko Zaki', 'Jeremy Sisto', 'Alana De La Garza']"
Who Is America?,2018,8.3,19432,"['Roy Elghanayan', 'Emanuela Postacchini', 'Gloria Sandoval']"
Doug,1991–1994,7.4,19390,"['Fred Newman', 'Constance Shulman', 'Doug Preis']"
Sliders,1995–2000,7.4,19294,"['Sabrina Lloyd', 'John Rhys-Davies', 'Cleavant Derricks']"
Stargirl,2020–2022,7.2,19244,"['Trae Romano', 'Amy Smart', 'Luke Wilson']"
Blood of Zeus,2020– ,7.5,19237,"[""Jason O'Mara"", 'Jessica Henwick', 'Claudia Christian']"
Kidding,2018–2020,8,19190,"['Frank Langella', 'Judy Greer', 'Cole Allen']"
Melissa & Joey,2010–2015,7,19162,"['Joey Lawrence', 'Taylor Spreitler', 'Nick Robinson']"
Glitch,2015–2019,7.2,19123,"['Emma Booth', 'Sean Keenan', 'Hannah Monson']"
Ghosts,2019– ,8.3,19114,"['Mathew Baynton', 'Simon Farnaby', 'Martha Howe-Douglas']"
Police Squad!,1982,8.4,19106,"['Alan North', 'Rex Hamilton', 'Ed Williams']"
Leverage: Redemption,2021– ,8.2,19090,"['Christian Kane', 'Beth Riesgraf', 'Aleyse Shannon']"
Danny Phantom,2003–2007,7.1,19087,"['Grey Griffin', ""Rickey D'Shon Collins"", 'Rob Paulsen']"
He-Man and the Masters of the Universe,1983–1985,7.5,19049,"['Alan Oppenheimer', 'Linda Gary', 'Lou Scheimer']"
NCIS: New Orleans,2014–2021,6.8,19040,"['Rob Kerkovich', 'CCH Pounder', 'Daryl Mitchell']"
Workin' Moms,2017–2023,7.8,19021,"['Dani Kind', 'Philip Sternberg', 'Ryan Belleville']"
"Love, Victor",2020–2022,8,19010,"['Rachel Hilson', 'Anthony Turpel', 'Bebe Wood']"
Genius,I) (2017– ,8.2,18996,"['Seth Gabel', 'Antonio Banderas', 'Clémence Poésy']"
JAG,1995–2005,6.6,18991,"['Catherine Bell', 'Patrick Labyorteaux', 'John M. Jackson']"
The Lying Game,2011–2013,7.3,18925,"['Andy Buckley', 'Allie Gonino', 'Alice Greczyn']"
Family Ties,1982–1989,7.2,18880,"['Michael Gross', 'Meredith Baxter', 'Justine Bateman']"
The Tick,2016–2019,7.4,18876,"['Griffin Newman', 'Valorie Curry', 'Brendan Hines']"
The Devil's Hour,2022– ,7.7,18832,"['Peter Capaldi', 'Nikesh Patel', 'Benjamin Chivers']"
Outcast,2016–2017,7.3,18795,"['Philip Glenister', 'Wrenn Schmidt', 'Reg E. Cathey']"
Please Like Me,2013–2016,8.5,18734,"['Thomas Ward', 'John', 'Debra Lawrance']"
Body of Proof,2011–2013,7.1,18728,"['Jeri Ryan', 'Geoffrey Arend', 'Windell Middlebrooks']"
Girlboss,2017,7,18718,"['Ellie Reed', 'Johnny Simmons', 'Alphonso McAuley']"
Kingdom,2014–2017,8.5,18697,"['Kiele Sanchez', 'Matt Lauria', 'Jonathan Tucker']"
Bitten,2014–2016,6.9,18630,"['Greyston Holt', 'Greg Bryk', 'Steve Lund']"
Ned's Declassified School Survival Guide,2004–2007,7.4,18544,"['Lindsey Shaw', 'Daniel Curtis Lee', 'Kyle Swann']"
Fresh Meat,2011–2016,7.8,18526,"['Greg McHugh', 'Kimberley Nixon', 'Charlotte Ritchie']"
The Adventures of Tintin,1991–1992,8.3,18490,"['Thierry Wermuth', 'Christian Pelissier', 'Henri Labussière']"
The Tonight Show Starring Jimmy Fallon,2014– ,7.1,18456,"['The Roots', 'Steve Higgins', 'Questlove']"
Late Night with Conan O'Brien,1993–2009,8.2,18440,"['The Max Weinberg 7', 'Andy Richter', 'Joel Godard']"
Human Target,2010–2011,7.8,18427,"['Chi McBride', 'Jackie Earle Haley', 'Indira Varma']"
The Drew Carey Show,1995–2004,6.9,18404,"['Diedrich Bader', 'Kathy Kinney', 'Ryan Stiles']"
The Future Diary,2011–2013,7.5,18323,"['Josh Grelle', 'Leah Clark', 'Emily Neves']"
Deadly Class,2018–2019,7.5,18304,"['Benjamin Wadsworth', 'Lana Condor', 'María Gabriela de Faría']"
The Tourist,2022,7,18209,"['Danielle Macdonald', 'Shalom Brune-Franklin', 'Ólafur Darri Ólafsson']"
Thundercats,1985–1989,7.9,18203,"['Larry Kenney', 'Earl Hammond', 'Lynne Lipton']"
America's Next Top Model,2003– ,5.6,18183,"['Yoanna House', 'Tyra Banks', 'J. Alexander']"
My Mad Fat Diary,2013–2015,8.4,18114,"['Dan Cohen', 'Jodie Comer', 'Darren Evans']"
666 Park Avenue,2012–2013,6.8,18105,"['Dave Annable', 'Robert Buckley', 'Samantha Logan']"
Young Rock,2021– ,7.9,18093,"['Joseph Lee Anderson', 'Stacey Leilua', 'Ana Tuisila']"
Flashpoint,2008–2012,7.8,17999,"['Amy Jo Johnson', 'David Paetkau', 'Sergio Di Zio']"
Through the Wormhole,2010–2017,8.6,17992,"['Sean Carroll', 'Michio Kaku', 'Kip Thorne']"
Alfred Hitchcock Presents,1955–1962,8.5,17981,"['Harry Tyler', 'John Williams', 'Patricia Hitchcock']"
Star-Crossed,2014,7.1,17952,"['Matt Lanter', 'Grey Damon', 'Greg Finley']"
Boss,2011–2012,8.1,17922,"['Connie Nielsen', 'Hannah Ware', 'Jeff Hephner']"
Doc Martin,2004–2022,8.4,17847,"['Martin Clunes', 'Ian McNeice', 'Joe Absolom']"
The New Batman Adventures,1997–1999,8.4,17847,"['Tara Strong', 'Mathew Valencia', 'Efrem Zimbalist Jr.']"
Da Ali G Show,2000–2004,8,17816,"['Steve Ellington', 'T.N.T. Crew']"
Rookie Blue,2010–2015,7.7,17795,"['Gregory Smith', 'Enuka Okuma', 'Travis Milne']"
Inside No. 9,2014– ,8.5,17757,"['Steve Pemberton', 'Derek Jacobi', 'Katherine Parkinson']"
Criminal Justice,2019– ,8.1,17740,"['Pankaj Tripathi', 'Rucha Inamdar', 'Jagat Rawat']"
Happy Tree Friends,2000–2016,7,17735,"['Ellen Connell', 'Warren Graff', 'Kenn Navarro']"
On My Block,2018–2021,7.9,17701,"['Jason Genao', 'Brett Gray', 'Diego Tinoco']"
In Treatment,2008–2021,8.3,17691,"['Uzo Aduba', 'Dianne Wiest', 'Michelle Forbes']"
Heartland,II) (2007– ,8.5,17655,"['Shaun Johnston', 'Michelle Morgan', 'Chris Potter']"
Trollhunters: Tales of Arcadia,2016–2018,8.4,17649,"['Lexi Medrano', 'Anton Yelchin', 'Kelsey Grammer']"
The Chair,2021,7.2,17645,"['Jay Duplass', 'Bob Balaban', 'Nana Mensah']"
Gypsy,2017,6.8,17641,"['Billy Crudup', 'Sophie Cookson', 'Karl Glusman']"
Smash,2012–2013,7.7,17616,"['Jack Davenport', 'Katharine McPhee', 'Christian Borle']"
The Purge,2018–2019,6.5,17609,"['Derek Luke', 'Hannah Emily Anderson', 'Max Martini']"
"Walker, Texas Ranger",1993–2001,5.6,17607,"['Clarence Gilyard Jr.', 'Sheree J. Wilson', 'Noble Willingham']"
Stalker,2014–2015,7.5,17595,"['Maggie Q', 'Victor Rasuk', 'Mariana Klaveno']"
White Lines,2020,6.6,17570,"['Nuno Lopes', 'Marta Milans', 'Daniel Mays']"
Lockwood & Co,2023– ,7.4,17537,"['Cameron Chapman', 'Ali Hadji-Heshmati', 'Jack Bandeira']"
Northern Exposure,1990–1995,8.4,17534,"['Janine Turner', 'Barry Corbin', 'John Cullum']"
The Mick,2017–2018,7.8,17488,"[""Sofia Black-D'Elia"", 'Thomas Barbusca', 'Carla Jimenez']"
Versailles,2015–2018,7.9,17484,"['Alexander Vlahos', 'Tygh Runyan', 'Stuart Bowman']"
Reservation Dogs,2021– ,8.1,17436,"[""D'Pharaoh Woon-A-Tai"", 'Lane Factor', 'Paulina Alexis']"
Motherland: Fort Salem,2020–2022,7.3,17435,"['Amalia Holm', 'Demetria McKinney', 'Jessica Sutton']"
Justice League Unlimited,2004–2006,8.7,17395,"['Kevin Conroy', 'Phil LaMarr', 'Carl Lumbly']"
Electric Dreams,2017–2018,7.2,17370,"['Richard Madden', 'Steve Buscemi', 'Timothy Spall']"
All in the Family,1971–1979,8.4,17362,"['Jean Stapleton', 'Rob Reiner', 'Sally Struthers']"
Shameless,2004–2013,8,17353,"['Rebecca Atkinson', 'Alice Barry', 'Nicky Evans']"
"Two Guys, a Girl and a Pizza Place",1998–2001,7.4,17350,"['Ryan Reynolds', 'Richard Ruccolo', 'Suzanne Cryer']"
Metalocalypse,2006–2013,8.3,17294,"['Tommy Blacha', 'Mark Hamill', 'Victor Brandt']"
Uncoupled,2022,7,17273,"['Tisha Campbell', 'Brooks Ashmanskas', 'Emerson Brooks']"
The Ellen DeGeneres Show,2003–2023,6.7,17246,"['Stephen Boss', 'Andy Lassner', 'Kym Douglas']"
Dickinson,2019–2021,7.6,17242,"['Adrian Enscoe', 'Anna Baryshnikov', 'Jane Krakowski']"
